Yaw,Pitch,Roll,X Accel,Y Accel,Z Accel,X Rate,Y Rate,Z Rate,Magnetic X,Magnetic Y,Magnetic Z,Gravity X,Gravity Y,Gravity Z,Q1,Q2,Q3,Q4
175.927001953125,-0.4569999873638153,43.125999450683594,-0.0729999989271164,-6.499000072479248,-6.936999797821045,-0.00355300004594028,-0.001091000041924417,0.0011119999689981341,0.23399999737739563,0.0,0.4212000072002411,0.0,0.0,-9.793749809265137,0.016787000000476837,0.367139995098114,0.9294760227203369,0.03163300082087517
175.86399841308594,-0.453000009059906,43.1150016784668,-0.11599999666213989,-6.500999927520752,-6.965000152587891,0.002372999908402562,-0.004308000206947327,0.0006900000153109431,0.23399999737739563,0.0,0.4212000072002411,0.0,0.0,-9.793749809265137,0.01694599911570549,0.3670499920845032,0.9294930100440979,0.03209400177001953
175.9669952392578,-0.46700000762939453,43.104000091552734,-0.10100000351667404,-6.465000152587891,-6.960000038146973,0.000699999975040555,-0.0036770000588148832,-0.0012309999438002706,0.23399999737739563,0.0,0.4212000072002411,0.0,0.0,-9.793749809265137,0.016752999275922775,0.3669759929180145,0.9295529723167419,0.031293999403715134
175.79600524902344,-0.453000009059906,43.112998962402344,-0.08799999952316284,-6.4710001945495605,-6.96999979019165,0.0004250000056345016,-0.00014000000373926014,0.001693999976851046,0.23399999737739563,0.0,0.4212000072002411,0.0,0.0,-9.793749809265137,0.017115000635385513,0.3670310080051422,0.9294800162315369,0.03259599953889847
175.80999755859375,-0.44999998807907104,43.11399841308594,-0.11900000274181366,-6.486999988555908,-6.951000213623047,0.0003800000122282654,0.0024679999332875013,-0.001630999962799251,0.23399999737739563,0.0,0.4212000072002411,0.0,0.0,-9.793749809265137,0.0171470008790493,0.3670249879360199,0.929481029510498,0.032611001282930374
175.7949981689453,-0.45500001311302185,43.112998962402344,-0.06599999964237213,-6.53000020980835,-6.956999778747559,0.0006179999909363687,-0.0022360000293701887,0.0008140000281855464,0.23399999737739563,0.0,0.4212000072002411,0.0,0.0,-9.793749809265137,0.017160000279545784,0.36701101064682007,0.9294840097427368,0.03268900141119957
175.79200744628906,-0.45500001311302185,43.111000061035156,-0.10899999737739563,-6.4770002365112305,-6.923999786376953,-0.0010310000507161021,-0.004242999944835901,-0.0003429999924264848,0.23399999737739563,0.0,0.4212000072002411,0.0,0.0,-9.793749809265137,0.017179999500513077,0.3670240044593811,0.9294779896736145,0.032683998346328735
175.7969970703125,-0.4560000002384186,43.112998962402344,-0.09399999678134918,-6.479000091552734,-6.940000057220459,0.0006489999941550195,0.002237000036984682,-0.0011259999591857195,0.23399999737739563,0.0,0.4212000072002411,0.0,0.0,-9.793749809265137,0.017177000641822815,0.36702901124954224,0.9294769763946533,0.032660000026226044
175.7899932861328,-0.4560000002384186,43.111000061035156,-0.0820000022649765,-6.500999927520752,-6.958000183105469,0.00017800000205170363,0.0009929999941959977,-0.00013699999544769526,0.23399999737739563,0.0,0.4212000072002411,0.0,0.0,-9.793749809265137,0.017187999561429024,0.36701199412345886,0.9294840097427368,0.032666001468896866
175.79400634765625,-0.45399999618530273,43.11199951171875,-0.057999998331069946,-6.5229997634887695,-6.943999767303467,-0.00031400000443682075,-0.00035700001171790063,0.0001500000071246177,0.23399999737739563,0.0,0.4212000072002411,0.0,0.0,-9.793749809265137,0.017148999497294426,0.36701300740242004,0.9294840097427368,0.03265399858355522
175.7989959716797,-0.45100000500679016,43.10900115966797,-0.07000000029802322,-6.514999866485596,-6.951000213623047,-0.002248999895527959,0.004348000045865774,-0.0010420000180602074,0.23399999737739563,0.0,0.4212000072002411,0.0,0.0,-9.793749809265137,0.017105000093579292,0.36702200770378113,0.929481029510498,0.032666001468896866
175.8000030517578,-0.44699999690055847,43.111000061035156,-0.08299999684095383,-6.500999927520752,-6.978000164031982,0.00022200000239536166,0.002133999951183796,0.0003380000125616789,0.23399999737739563,0.0,0.4212000072002411,0.0,0.0,-9.793749809265137,0.01705300062894821,0.36699798703193665,0.9294940233230591,0.03261300176382065
175.80499267578125,-0.4440000057220459,43.108001708984375,-0.07400000095367432,-6.48199987411499,-6.9720001220703125,0.0016080000204965472,-0.0018179999897256494,0.0010679999832063913,0.23399999737739563,0.0,0.4212000072002411,0.0,0.0,-9.793749809265137,0.017047999426722527,0.3669799864292145,0.929502010345459,0.03258899971842766
175.80599975585938,-0.4449999928474426,43.106998443603516,-0.05299999937415123,-6.540999889373779,-6.953000068664551,-0.0006179999909363687,-0.0008980000275187194,-2.2000000171829015e-05,0.23399999737739563,0.0,0.4212000072002411,0.0,0.0,-9.793749809265137,0.01707799918949604,0.3669759929180145,0.9295030236244202,0.03258499875664711
175.80599975585938,-0.45100000500679016,43.10499954223633,-0.10000000149011612,-6.492000102996826,-6.943999767303467,-0.0017770000267773867,-0.0013379999436438084,-0.0008590000215917826,0.23399999737739563,0.0,0.4212000072002411,0.0,0.0,-9.793749809265137,0.017084000632166862,0.36697399616241455,0.9295039772987366,0.032565001398324966
175.81300354003906,-0.4490000009536743,43.10599899291992,-0.09200000017881393,-6.497000217437744,-6.953999996185303,-0.0008299999753944576,-0.0012009999481961131,-0.0005440000095404685,0.23399999737739563,0.0,0.4212000072002411,0.0,0.0,-9.793749809265137,0.01705400086939335,0.3669779896736145,0.9295039772987366,0.03253699839115143
175.81199645996094,-0.44999998807907104,43.10499954223633,-0.09799999743700027,-6.464000225067139,-6.953999996185303,0.0002530000056140125,0.000446999998530373,-8.399999933317304e-05,0.23399999737739563,0.0,0.4212000072002411,0.0,0.0,-9.793749809265137,0.01710199937224388,0.3669869899749756,0.9294989705085754,0.03256399929523468
175.80799865722656,-0.4519999921321869,43.10599899291992,-0.09300000220537186,-6.508999824523926,-6.940000057220459,0.0015249999705702066,0.0008720000041648746,-0.0011099999537691474,0.23399999737739563,0.0,0.4212000072002411,0.0,0.0,-9.793749809265137,0.017111999914050102,0.36696600914001465,0.9295079708099365,0.03254399821162224
175.80999755859375,-0.4519999921321869,43.104000091552734,-0.057999998331069946,-6.515999794006348,-6.939000129699707,-0.0004820000031031668,-0.002119000069797039,0.0004600000102072954,0.23399999737739563,0.0,0.4212000072002411,0.0,0.0,-9.793749809265137,0.017086999490857124,0.36695200204849243,0.9295139908790588,0.03253600001335144
175.80999755859375,-0.45100000500679016,43.099998474121094,-0.08799999952316284,-6.479000091552734,-6.921999931335449,-0.0020830000285059214,0.0027260000351816416,-3.899999865097925e-05,0.23399999737739563,0.0,0.4212000072002411,0.0,0.0,-9.793749809265137,0.017093999311327934,0.3669460117816925,0.92951500415802,0.03257099911570549
175.8070068359375,-0.4480000138282776,43.099998474121094,-0.05299999937415123,-6.50600004196167,-6.952000141143799,-0.0039369999431073666,-0.0030070000793784857,-0.0017130000051110983,0.23399999737739563,0.0,0.4212000072002411,0.0,0.0,-9.793749809265137,0.017069000750780106,0.3669619858264923,0.9295099973678589,0.03254200145602226
175.81399536132812,-0.4480000138282776,43.10100173950195,-0.09099999815225601,-6.500999927520752,-6.973999977111816,-0.0013899999903514981,-0.0019420000026002526,-0.00035700001171790063,0.23399999737739563,0.0,0.4212000072002411,0.0,0.0,-9.793749809265137,0.017035000026226044,0.3669469952583313,0.9295169711112976,0.03252299875020981
175.8179931640625,-0.44699999690055847,43.10499954223633,-0.10400000214576721,-6.494999885559082,-6.914999961853027,0.0005210000090301037,0.0025339999701827765,-0.0005200000014156103,0.23399999737739563,0.0,0.4212000072002411,0.0,0.0,-9.793749809265137,0.017023999243974686,0.36695900559425354,0.9295160174369812,0.0324379988014698
175.82899475097656,-0.4490000009536743,43.10200119018555,-0.0820000022649765,-6.495999813079834,-6.940999984741211,0.00023200000578071922,-0.0049299998208880424,-0.00031599999056197703,0.23399999737739563,0.0,0.4212000072002411,0.0,0.0,-9.793749809265137,0.017006000503897667,0.36697500944137573,0.9295110106468201,0.0324070006608963
175.822998046875,-0.4490000009536743,43.10200119018555,-0.09300000220537186,-6.4720001220703125,-6.982999801635742,0.0029670000076293945,-0.00392800010740757,-0.0004689999914262444,0.23399999737739563,0.0,0.4212000072002411,0.0,0.0,-9.793749809265137,0.017048999667167664,0.36695998907089233,0.9295139908790588,0.03244699910283089
175.8260040283203,-0.44999998807907104,43.10200119018555,-0.11500000208616257,-6.486000061035156,-6.936999797821045,-0.002085000043734908,0.002858000108972192,-0.00020300000323913991,0.23399999737739563,0.0,0.4212000072002411,0.0,0.0,-9.793749809265137,0.01706000044941902,0.36694398522377014,0.92951899766922,0.03249000012874603
175.8179931640625,-0.4519999921321869,43.099998474121094,-0.09200000017881393,-6.4710001945495605,-6.914000034332275,1.9999999949504854e-06,0.0015780000248923898,0.0013409999664872885,0.23399999737739563,0.0,0.4212000072002411,0.0,0.0,-9.793749809265137,0.017064999788999557,0.36692801117897034,0.9295259714126587,0.03247600048780441
175.81700134277344,-0.4519999921321869,43.10200119018555,-0.09000000357627869,-6.517000198364258,-6.9730000495910645,0.00047900000936351717,0.0009030000073835254,-0.0002739999908953905,0.23399999737739563,0.0,0.4212000072002411,0.0,0.0,-9.793749809265137,0.017142999917268753,0.36695000529289246,0.9295129776000977,0.032552000135183334
175.80599975585938,-0.4580000042915344,43.10300064086914,-0.06499999761581421,-6.515999794006348,-6.931000232696533,-0.0005050000036135316,-0.00342700001783669,0.00038400001358240843,0.23399999737739563,0.0,0.4212000072002411,0.0,0.0,-9.793749809265137,0.017141999676823616,0.36693400144577026,0.92951899766922,0.0325700007379055
175.81100463867188,-0.460999995470047,43.10300064086914,-0.07199999690055847,-6.485000133514404,-6.946000099182129,0.0016009999671950936,4.70000013592653e-05,-0.0002969999914057553,0.23399999737739563,0.0,0.4212000072002411,0.0,0.0,-9.793749809265137,0.01717500016093254,0.3669619858264923,0.9295079708099365,0.03253600001335144
175.80599975585938,-0.46299999952316284,43.10499954223633,-0.12999999523162842,-6.5329999923706055,-6.935999870300293,0.00021300000662449747,0.0003129999968223274,0.0006880000000819564,0.23399999737739563,0.0,0.4212000072002411,0.0,0.0,-9.793749809265137,0.01722799986600876,0.3669680058956146,0.9295039772987366,0.0325700007379055
175.80499267578125,-0.4650000035762787,43.106998443603516,-0.052000001072883606,-6.489999771118164,-6.9629998207092285,0.0007389999809674919,-0.003449999960139394,-0.0006440000142902136,0.23399999737739563,0.0,0.4212000072002411,0.0,0.0,-9.793749809265137,0.017169000580906868,0.36700400710105896,0.9294930100440979,0.03248799964785576
175.81700134277344,-0.46000000834465027,43.108001708984375,-0.06700000166893005,-6.502999782562256,-6.9720001220703125,-0.0010529999854043126,0.000522000016644597,-0.0009399999980814755,0.23399999737739563,0.0,0.4212000072002411,0.0,0.0,-9.793749809265137,0.01713399961590767,0.3669990003108978,0.9294989705085754,0.03240099921822548
175.8350067138672,-0.460999995470047,43.10900115966797,-0.054999999701976776,-6.48199987411499,-6.943999767303467,-0.0004330000083427876,0.0006459999713115394,0.00039400000241585076,0.23399999737739563,0.0,0.4212000072002411,0.0,0.0,-9.793749809265137,0.017079999670386314,0.3670260012149811,0.9294940233230591,0.03227299824357033
175.84500122070312,-0.46399998664855957,43.11199951171875,-0.11999999731779099,-6.497000217437744,-6.955999851226807,-1.700000029813964e-05,-0.0024339999072253704,-0.0007719999994151294,0.23399999737739563,0.0,0.4212000072002411,0.0,0.0,-9.793749809265137,0.017085000872612,0.3670479953289032,0.9294869899749756,0.032207001000642776
175.8489990234375,-0.4659999907016754,43.112998962402344,-0.05299999937415123,-6.488999843597412,-6.960999965667725,-0.0008340000058524311,-0.0014850000152364373,0.00013800000306218863,0.23399999737739563,0.0,0.4212000072002411,0.0,0.0,-9.793749809265137,0.017100999131798744,0.36704298853874207,0.929489016532898,0.03222599998116493
175.8470001220703,-0.46700000762939453,43.11399841308594,-0.04100000113248825,-6.50600004196167,-6.932000160217285,0.0021569998934865,-0.00048499999684281647,0.0003209999995306134,0.23399999737739563,0.0,0.4212000072002411,0.0,0.0,-9.793749809265137,0.017055999487638474,0.36702901124954224,0.9294970035552979,0.032150998711586
175.85800170898438,-0.46299999952316284,43.112998962402344,-0.04399999976158142,-6.508999824523926,-6.940999984741211,5.400000009103678e-05,0.0001289999927394092,-1.1000000085914508e-05,0.23399999737739563,0.0,0.4212000072002411,0.0,0.0,-9.793749809265137,0.017045000568032265,0.36704200506210327,0.9294940233230591,0.03210499882698059
175.86199951171875,-0.4620000123977661,43.112998962402344,-0.08299999684095383,-6.504000186920166,-6.909999847412109,-0.00042600001324899495,0.0035890000872313976,-0.0015259999781847,0.23399999737739563,0.0,0.4212000072002411,0.0,0.0,-9.793749809265137,0.016977999359369278,0.3670629858970642,0.929489016532898,0.03206000104546547
175.8730010986328,-0.4580000042915344,43.1150016784668,-0.10400000214576721,-6.48799991607666,-6.968999862670898,0.0004039999912492931,0.003674000035971403,0.0007229999755509198,0.23399999737739563,0.0,0.4212000072002411,0.0,0.0,-9.793749809265137,0.01692499965429306,0.3670560121536255,0.9294919967651367,0.03205600008368492
175.86599731445312,-0.4560000002384186,43.11399841308594,-0.08799999952316284,-6.4720001220703125,-6.954999923706055,0.0028989999555051327,-0.000986000057309866,-0.001155999954789877,0.23399999737739563,0.0,0.4212000072002411,0.0,0.0,-9.793749809265137,0.016944000497460365,0.3670629858970642,0.9294880032539368,0.0320810005068779
175.86700439453125,-0.45500001311302185,43.11399841308594,-0.04500000178813934,-6.511000156402588,-6.921000003814697,-0.0024029999040067196,-0.0023429999127984047,-0.0007570000016130507,0.23399999737739563,0.0,0.4212000072002411,0.0,0.0,-9.793749809265137,0.016993999481201172,0.3670639991760254,0.9294840097427368,0.03218400105834007
175.85400390625,-0.45399999618530273,43.1150016784668,-0.054999999701976776,-6.510000228881836,-6.940000057220459,-0.0006319999811239541,-0.0010420000180602074,0.00019999999494757503,0.23399999737739563,0.0,0.4212000072002411,0.0,0.0,-9.793749809265137,0.016939999535679817,0.3670549988746643,0.929489016532898,0.03215799853205681
175.86099243164062,-0.45500001311302185,43.11399841308594,-0.05400000140070915,-6.48799991607666,-6.919000148773193,-0.0014560000272467732,-0.0036249998956918716,0.0007179999956861138,0.23399999737739563,0.0,0.4212000072002411,0.0,0.0,-9.793749809265137,0.016945000737905502,0.36702901124954224,0.929502010345459,0.03208699822425842
175.86399841308594,-0.4560000002384186,43.11399841308594,-0.09700000286102295,-6.531000137329102,-6.8979997634887695,0.0007650000043213367,-0.004102999810129404,-0.0003969999961555004,0.23399999737739563,0.0,0.4212000072002411,0.0,0.0,-9.793749809265137,0.01692900061607361,0.3670180141925812,0.9295070171356201,0.03206200152635574
175.8730010986328,-0.45399999618530273,43.112998962402344,-0.0989999994635582,-6.495999813079834,-6.953999996185303,0.0012540000025182962,-0.0024649999104440212,0.0008559999987483025,0.23399999737739563,0.0,0.4212000072002411,0.0,0.0,-9.793749809265137,0.016930999234318733,0.3670569956302643,0.9294930100440979,0.03202600032091141
175.87399291992188,-0.4569999873638153,43.11399841308594,-0.06599999964237213,-6.499000072479248,-6.966000080108643,0.00013600000238511711,0.0011480000102892518,0.0010379999876022339,0.23399999737739563,0.0,0.4212000072002411,0.0,0.0,-9.793749809265137,0.016896000131964684,0.3670620024204254,0.9294919967651367,0.032009001821279526
175.8780059814453,-0.45500001311302185,43.11399841308594,-0.08100000023841858,-6.497000217437744,-6.927999973297119,-7.599999662488699e-05,-0.0003220000071451068,-0.00010099999781232327,0.23399999737739563,0.0,0.4212000072002411,0.0,0.0,-9.793749809265137,0.01686600036919117,0.3670639991760254,0.9294949769973755,0.03191300109028816
175.89300537109375,-0.4560000002384186,43.1150016784668,-0.06700000166893005,-6.5370001792907715,-6.935999870300293,-0.0012580000329762697,0.0008750000270083547,-0.0014590000500902534,0.23399999737739563,0.0,0.4212000072002411,0.0,0.0,-9.793749809265137,0.016805000603199005,0.3670859932899475,0.9294899702072144,0.03184700012207031
175.8979949951172,-0.44999998807907104,43.117000579833984,-0.09200000017881393,-6.497000217437744,-6.926000118255615,-0.0012100000167265534,0.0002410000015515834,0.0005929999751970172,0.23399999737739563,0.0,0.4212000072002411,0.0,0.0,-9.793749809265137,0.016804000362753868,0.3670859932899475,0.9294940233230591,0.03173600137233734
175.91099548339844,-0.45500001311302185,43.11600112915039,-0.09300000220537186,-6.488999843597412,-6.948999881744385,0.0005740000051446259,0.0015810000477358699,0.0008740000193938613,0.23399999737739563,0.0,0.4212000072002411,0.0,0.0,-9.793749809265137,0.016815999522805214,0.36706000566482544,0.9295039772987366,0.03173299878835678
175.91400146484375,-0.4560000002384186,43.1150016784668,-0.09200000017881393,-6.507999897003174,-6.954999923706055,-0.0005029999883845448,-0.005518000107258558,-0.00034100000630132854,0.23399999737739563,0.0,0.4212000072002411,0.0,0.0,-9.793749809265137,0.016829999163746834,0.36705198884010315,0.9295079708099365,0.03169799968600273
175.91400146484375,-0.46000000834465027,43.112998962402344,-0.08100000023841858,-6.52400016784668,-6.922999858856201,-0.0014449999434873462,0.0023479999508708715,-0.0008089999901130795,0.23399999737739563,0.0,0.4212000072002411,0.0,0.0,-9.793749809265137,0.016797000542283058,0.3670260012149811,0.92951899766922,0.03169799968600273
175.91400146484375,-0.4569999873638153,43.111000061035156,-0.07800000160932541,-6.502999782562256,-6.9710001945495605,9.200000204145908e-05,0.0018769999733194709,-0.0005389999714680016,0.23399999737739563,0.0,0.4212000072002411,0.0,0.0,-9.793749809265137,0.016798000782728195,0.36701101064682007,0.9295269846916199,0.031633999198675156
175.91700744628906,-0.4620000123977661,43.106998443603516,-0.10899999737739563,-6.49399995803833,-6.940000057220459,0.00023099999816622585,-0.0030479999259114265,-0.0007360000163316727,0.23399999737739563,0.0,0.4212000072002411,0.0,0.0,-9.793749809265137,0.016824999824166298,0.36697500944137573,0.9295390248298645,0.031686000525951385
175.90899658203125,-0.4569999873638153,43.10300064086914,-0.08900000154972076,-6.497000217437744,-6.941999912261963,0.0021720000077039003,-0.0003429999924264848,-0.0012740000383928418,0.23399999737739563,0.0,0.4212000072002411,0.0,0.0,-9.793749809265137,0.016798999160528183,0.3669759929180145,0.9295390248298645,0.03166300058364868
175.91600036621094,-0.4569999873638153,43.104000091552734,-0.06300000101327896,-6.514999866485596,-6.943999767303467,-0.0007179999956861138,0.0037479999009519815,0.0002789999998640269,0.23399999737739563,0.0,0.4212000072002411,0.0,0.0,-9.793749809265137,0.016769999638199806,0.3669860064983368,0.929535984992981,0.03167000040411949
175.9219970703125,-0.45500001311302185,43.10599899291992,-0.0820000022649765,-6.5229997634887695,-6.954999923706055,-0.0005530000198632479,0.005255000200122595,-0.0002880000101868063,0.23399999737739563,0.0,0.4212000072002411,0.0,0.0,-9.793749809265137,0.01673699915409088,0.36699000000953674,0.9295380115509033,0.031592998653650284
175.927001953125,-0.45500001311302185,43.10499954223633,-0.09399999678134918,-6.486999988555908,-6.999000072479248,0.0011419999646022916,0.0011239999439567327,0.00028899998869746923,0.23399999737739563,0.0,0.4212000072002411,0.0,0.0,-9.793749809265137,0.01678900048136711,0.3669910132884979,0.9295369982719421,0.03155599907040596
175.92799377441406,-0.4580000042915344,43.10599899291992,-0.0430000014603138,-6.513999938964844,-6.938000202178955,0.0014900000533089042,0.0036899999249726534,9.40000027185306e-05,0.23399999737739563,0.0,0.4212000072002411,0.0,0.0,-9.793749809265137,0.01673799939453602,0.3670029938220978,0.929535984992981,0.03149000182747841
175.94400024414062,-0.460999995470047,43.10499954223633,-0.06499999761581421,-6.507999897003174,-6.926000118255615,-0.00030899999546818435,-0.006020999979227781,0.0005600000149570405,0.23399999737739563,0.0,0.4212000072002411,0.0,0.0,-9.793749809265137,0.016707999631762505,0.36700499057769775,0.9295380115509033,0.03142400085926056
175.94900512695312,-0.460999995470047,43.106998443603516,-0.05299999937415123,-6.5289998054504395,-6.960999965667725,0.0005450000171549618,-0.00043799998820759356,0.00014699999883305281,0.23399999737739563,0.0,0.4212000072002411,0.0,0.0,-9.793749809265137,0.0167239997535944,0.3669950067996979,0.9295420050621033,0.03140699863433838
175.94700622558594,-0.46299999952316284,43.10599899291992,-0.11699999868869781,-6.506999969482422,-6.9710001945495605,0.002114000031724572,0.002908000024035573,0.00028899998869746923,0.23399999737739563,0.0,0.4212000072002411,0.0,0.0,-9.793749809265137,0.01671599969267845,0.3670090138912201,0.9295390248298645,0.0313429981470108
175.9499969482422,-0.460999995470047,43.106998443603516,-0.09399999678134918,-6.48799991607666,-6.960000038146973,-0.00014800000644754618,-0.002428000094369054,9.40000027185306e-05,0.23399999737739563,0.0,0.4212000072002411,0.0,0.0,-9.793749809265137,0.01671300083398819,0.3669950067996979,0.9295439720153809,0.03135500103235245
175.9550018310547,-0.46000000834465027,43.10499954223633,-0.08500000089406967,-6.506999969482422,-6.947999954223633,-0.0010519999777898192,0.0007520000217482448,-0.00029600001289509237,0.23399999737739563,0.0,0.4212000072002411,0.0,0.0,-9.793749809265137,0.016718000173568726,0.36699798703193665,0.9295430183410645,0.0313510000705719
175.95700073242188,-0.45899999141693115,43.106998443603516,-0.06300000101327896,-6.51800012588501,-6.968999862670898,0.004656999837607145,0.0023739999160170555,0.001142999972216785,0.23399999737739563,0.0,0.4212000072002411,0.0,0.0,-9.793749809265137,0.016666000708937645,0.36700600385665894,0.9295409917831421,0.03132599964737892
175.96099853515625,-0.4580000042915344,43.10499954223633,-0.03799999877810478,-6.506999969482422,-6.923999786376953,-0.0004140000091865659,0.0022780001163482666,-0.0008479999960400164,0.23399999737739563,0.0,0.4212000072002411,0.0,0.0,-9.793749809265137,0.016623999923467636,0.367000013589859,0.929544985294342,0.03132399916648865
175.95799255371094,-0.4580000042915344,43.104000091552734,-0.0689999982714653,-6.494999885559082,-6.938000202178955,-0.00020799999765586108,-0.0023580000270158052,0.0011650000233203173,0.23399999737739563,0.0,0.4212000072002411,0.0,0.0,-9.793749809265137,0.016598999500274658,0.3669990003108978,0.9295470118522644,0.031279001384973526
175.9739990234375,-0.45500001311302185,43.10300064086914,-0.1289999932050705,-6.544000148773193,-6.940999984741211,-0.0016339999856427312,0.0008140000281855464,-0.0007220000261440873,0.23399999737739563,0.0,0.4212000072002411,0.0,0.0,-9.793749809265137,0.01657100021839142,0.3669759929180145,0.9295600056648254,0.031183000653982162
175.97500610351562,-0.4560000002384186,43.108001708984375,-0.08500000089406967,-6.495999813079834,-6.933000087738037,-0.0006590000120922923,-0.0009699999936856329,0.0005050000036135316,0.23399999737739563,0.0,0.4212000072002411,0.0,0.0,-9.793749809265137,0.01661200076341629,0.367000013589859,0.929548978805542,0.03121899999678135
175.96400451660156,-0.45399999618530273,43.10599899291992,-0.09000000357627869,-6.51200008392334,-6.974999904632568,-0.0013549999566748738,0.0009599999757483602,-0.0021699999924749136,0.23399999737739563,0.0,0.4212000072002411,0.0,0.0,-9.793749809265137,0.016644999384880066,0.3670029938220978,0.9295459985733032,0.03124300017952919
175.97000122070312,-0.460999995470047,43.104000091552734,-0.0430000014603138,-6.499000072479248,-6.986999988555908,0.00033400001120753586,-0.0018489999929443002,-0.00031599999056197703,0.23399999737739563,0.0,0.4212000072002411,0.0,0.0,-9.793749809265137,0.01664399914443493,0.36700499057769775,0.9295459985733032,0.03121500089764595
175.9739990234375,-0.46000000834465027,43.106998443603516,-0.09099999815225601,-6.478000164031982,-6.966000080108643,0.0016880000475794077,0.002211000071838498,-0.0004450000124052167,0.23399999737739563,0.0,0.4212000072002411,0.0,0.0,-9.793749809265137,0.016581999137997627,0.36702200770378113,0.9295420050621033,0.031184999272227287
175.97799682617188,-0.4569999873638153,43.10900115966797,-0.0989999994635582,-6.474999904632568,-6.943999767303467,5.999999848427251e-05,0.0007309999782592058,0.00012799999967683107,0.23399999737739563,0.0,0.4212000072002411,0.0,0.0,-9.793749809265137,0.016645999625325203,0.3670099973678589,0.9295439720153809,0.031231999397277832
175.96600341796875,-0.4580000042915344,43.106998443603516,-0.11500000208616257,-6.546000003814697,-6.942999839782715,-0.0024429999757558107,-0.0006580000044777989,0.00042299999040551484,0.23399999737739563,0.0,0.4212000072002411,0.0,0.0,-9.793749809265137,0.016618000343441963,0.3670009970664978,0.929548978805542,0.031199000775814056
175.97999572753906,-0.45500001311302185,43.108001708984375,-0.057999998331069946,-6.505000114440918,-6.940999984741211,-0.00012599999899975955,0.0016039999900385737,-7.699999696342275e-05,0.23399999737739563,0.0,0.4212000072002411,0.0,0.0,-9.793749809265137,0.01662600040435791,0.36700499057769775,0.9295470118522644,0.031213000416755676
175.97900390625,-0.45500001311302185,43.10599899291992,-0.03799999877810478,-6.5229997634887695,-6.913000106811523,-0.00040099999750964344,-0.0007259999983943999,0.0003020000003743917,0.23399999737739563,0.0,0.4212000072002411,0.0,0.0,-9.793749809265137,0.016596000641584396,0.36702001094818115,0.9295420050621033,0.031201999634504318
175.9739990234375,-0.4560000002384186,43.10599899291992,-0.054999999701976776,-6.492000102996826,-6.966000080108643,0.0016690000193193555,-0.0012860000133514404,-0.0003589999978430569,0.23399999737739563,0.0,0.4212000072002411,0.0,0.0,-9.793749809265137,0.016611000522971153,0.36700400710105896,0.9295470118522644,0.031213000416755676
175.97000122070312,-0.4580000042915344,43.10599899291992,-0.11100000143051147,-6.513000011444092,-6.966000080108643,0.0018119999440386891,-0.0003819999983534217,0.0005869999877177179,0.23399999737739563,0.0,0.4212000072002411,0.0,0.0,-9.793749809265137,0.016652999445796013,0.36701700091362,0.9295420050621033,0.03119399957358837
175.97500610351562,-0.46000000834465027,43.106998443603516,-0.07500000298023224,-6.508999824523926,-6.916999816894531,-0.0007650000043213367,-0.001297999988310039,-8.299999899463728e-05,0.23399999737739563,0.0,0.4212000072002411,0.0,0.0,-9.793749809265137,0.016654999926686287,0.3670180141925812,0.9295399785041809,0.031240999698638916
175.97300720214844,-0.45899999141693115,43.10900115966797,-0.07699999958276749,-6.495999813079834,-6.986999988555908,9.000000136438757e-05,-0.00241800001822412,0.0001610000035725534,0.23399999737739563,0.0,0.4212000072002411,0.0,0.0,-9.793749809265137,0.016679000109434128,0.3670400083065033,0.9295309782028198,0.03123999945819378
175.9720001220703,-0.45899999141693115,43.108001708984375,-0.04899999871850014,-6.459000110626221,-6.928999900817871,0.0009219999774359167,0.005433000158518553,-0.00015199999324977398,0.23399999737739563,0.0,0.4212000072002411,0.0,0.0,-9.793749809265137,0.016631999984383583,0.3670240044593811,0.9295390248298645,0.031214000657200813
175.97300720214844,-0.4650000035762787,43.10900115966797,-0.0560000017285347,-6.51800012588501,-6.939000129699707,-0.0014260000316426158,-0.0043739997781813145,-0.0016139999497681856,0.23399999737739563,0.0,0.4212000072002411,0.0,0.0,-9.793749809265137,0.016706999391317368,0.36702799797058105,0.9295349717140198,0.0312579981982708
175.9720001220703,-0.4659999907016754,43.11000061035156,-0.08900000154972076,-6.494999885559082,-6.96999979019165,0.0006910000229254365,0.00011500000255182385,-0.00038300000596791506,0.23399999737739563,0.0,0.4212000072002411,0.0,0.0,-9.793749809265137,0.016623999923467636,0.36703699827194214,0.929535984992981,0.03114200010895729
175.97900390625,-0.460999995470047,43.11199951171875,-0.07999999821186066,-6.51800012588501,-6.943999767303467,0.00041599999531172216,-0.0002840000088326633,-0.0007619999814778566,0.23399999737739563,0.0,0.4212000072002411,0.0,0.0,-9.793749809265137,0.01664300076663494,0.367033988237381,0.929535984992981,0.031168000772595406
175.97799682617188,-0.4569999873638153,43.111000061035156,-0.09399999678134918,-6.517000198364258,-6.953000068664551,-0.0003110000106971711,0.001996000064536929,-0.0001140000022132881,0.23399999737739563,0.0,0.4212000072002411,0.0,0.0,-9.793749809265137,0.016620999202132225,0.36704200506210327,0.9295330047607422,0.031175000593066216
175.9739990234375,-0.46000000834465027,43.11000061035156,-0.04600000008940697,-6.51800012588501,-6.966000080108643,-0.0011709999525919557,-0.0004889999981969595,-7.400000322377309e-05,0.23399999737739563,0.0,0.4212000072002411,0.0,0.0,-9.793749809265137,0.016621999442577362,0.3670459985733032,0.929531991481781,0.03117300011217594
175.97999572753906,-0.45899999141693115,43.11199951171875,-0.08799999952316284,-6.51200008392334,-6.954999923706055,0.002420000033453107,-0.0004659999976865947,0.0016919999616220593,0.23399999737739563,0.0,0.4212000072002411,0.0,0.0,-9.793749809265137,0.01656400039792061,0.3670330047607422,0.9295390248298645,0.03115200065076351
175.9810028076172,-0.4560000002384186,43.112998962402344,-0.07100000232458115,-6.520999908447266,-6.9720001220703125,-0.0019399999873712659,-0.0009599999757483602,0.00015900000289548188,0.23399999737739563,0.0,0.4212000072002411,0.0,0.0,-9.793749809265137,0.016567999497056007,0.3670620024204254,0.9295259714126587,0.031170999631285667
175.9810028076172,-0.4519999921321869,43.11199951171875,-0.10300000011920929,-6.498000144958496,-6.927999973297119,-6.299999949987978e-05,-0.0037010000087320805,-0.0007779999868944287,0.23399999737739563,0.0,0.4212000072002411,0.0,0.0,-9.793749809265137,0.01660900004208088,0.3670769929885864,0.9295179843902588,0.03122200071811676
175.9739990234375,-0.45500001311302185,43.112998962402344,-0.05400000140070915,-6.493000030517578,-6.941999912261963,0.0011320000048726797,0.0011899999808520079,-0.00015700000221841037,0.23399999737739563,0.0,0.4212000072002411,0.0,0.0,-9.793749809265137,0.016575999557971954,0.3670409917831421,0.9295349717140198,0.03117699921131134
175.97900390625,-0.4560000002384186,43.11199951171875,-0.08699999749660492,-6.4730000495910645,-6.936999797821045,0.0007450000266544521,0.00060299999313429,0.0008420000085607171,0.23399999737739563,0.0,0.4212000072002411,0.0,0.0,-9.793749809265137,0.016589000821113586,0.36705100536346436,0.9295300245285034,0.031199000775814056
175.97300720214844,-0.4560000002384186,43.111000061035156,-0.09600000083446503,-6.507999897003174,-6.940999984741211,-0.0019910000264644623,0.0006140000186860561,0.0008539999835193157,0.23399999737739563,0.0,0.4212000072002411,0.0,0.0,-9.793749809265137,0.016596000641584396,0.36702901124954224,0.9295369982719421,0.031227000057697296
175.9709930419922,-0.453000009059906,43.10900115966797,-0.06700000166893005,-6.519999980926514,-6.960999965667725,-0.00033999999868683517,-0.000999000039882958,0.0007479999912902713,0.23399999737739563,0.0,0.4212000072002411,0.0,0.0,-9.793749809265137,0.0166229996830225,0.3670260012149811,0.929535984992981,0.031279001384973526
175.96499633789062,-0.4519999921321869,43.10900115966797,-0.07100000232458115,-6.497000217437744,-6.954999923706055,-0.002111000008881092,0.001424000016413629,3.999999989900971e-06,0.23399999737739563,0.0,0.4212000072002411,0.0,0.0,-9.793749809265137,0.016612999141216278,0.3670159876346588,0.9295399785041809,0.031275998800992966
175.9669952392578,-0.45399999618530273,43.10900115966797,-0.04500000178813934,-6.493000030517578,-6.938000202178955,0.0017160000279545784,0.003418999956920743,0.0005489999894052744,0.23399999737739563,0.0,0.4212000072002411,0.0,0.0,-9.793749809265137,0.016561999917030334,0.36701899766921997,0.9295390248298645,0.03129800036549568
175.9669952392578,-0.44999998807907104,43.10499954223633,-0.0949999988079071,-6.534999847412109,-6.953000068664551,-0.0010100000072270632,0.0015920000150799751,-0.0002809999859891832,0.23399999737739563,0.0,0.4212000072002411,0.0,0.0,-9.793749809265137,0.016506999731063843,0.3669869899749756,0.9295539855957031,0.03125099837779999
175.97900390625,-0.4440000057220459,43.10599899291992,-0.13199999928474426,-6.520999908447266,-6.940000057220459,0.0014809999847784638,0.0008859999943524599,-0.0006309999735094607,0.23399999737739563,0.0,0.4212000072002411,0.0,0.0,-9.793749809265137,0.016450000926852226,0.36699000000953674,0.9295560121536255,0.031199000775814056
175.9709930419922,-0.4399999976158142,43.10499954223633,-0.10400000214576721,-6.502999782562256,-6.948999881744385,-0.0005510000046342611,-0.00024300000222865492,-9.999999747378752e-06,0.23399999737739563,0.0,0.4212000072002411,0.0,0.0,-9.793749809265137,0.016535000875592232,0.3670029938220978,0.9295459985733032,0.03131299838423729
175.96800231933594,-0.4429999887943268,43.10300064086914,-0.08299999684095383,-6.480999946594238,-6.961999893188477,0.0013370000524446368,-0.00171999994199723,-0.002053000032901764,0.23399999737739563,0.0,0.4212000072002411,0.0,0.0,-9.793749809265137,0.016488999128341675,0.36700600385665894,0.9295480251312256,0.03123600035905838
175.9770050048828,-0.4449999928474426,43.10599899291992,-0.06499999761581421,-6.500999927520752,-6.943999767303467,-2.8000000384054147e-05,0.002583000110462308,0.00040499999886378646,0.23399999737739563,0.0,0.4212000072002411,0.0,0.0,-9.793749809265137,0.016502000391483307,0.3670380115509033,0.9295330047607422,0.031279999762773514
175.9669952392578,-0.4449999928474426,43.11000061035156,-0.07999999821186066,-6.51200008392334,-6.953999996185303,-0.0017859999788925052,0.0016850000247359276,-0.0017900000093504786,0.23399999737739563,0.0,0.4212000072002411,0.0,0.0,-9.793749809265137,0.016498999670147896,0.367033988237381,0.9295340180397034,0.03130500018596649
175.9669952392578,-0.4429999887943268,43.11199951171875,-0.13500000536441803,-6.495999813079834,-6.942999839782715,0.00016399999731220305,0.0006259999936446548,-7.79999973019585e-05,0.23399999737739563,0.0,0.4212000072002411,0.0,0.0,-9.793749809265137,0.016529999673366547,0.3670380115509033,0.929531991481781,0.031314000487327576
175.96099853515625,-0.44200000166893005,43.11000061035156,-0.07599999755620956,-6.515999794006348,-6.952000141143799,0.0015369999455288053,-0.0006409999914467335,0.0008379999781027436,0.23399999737739563,0.0,0.4212000072002411,0.0,0.0,-9.793749809265137,0.016551999375224113,0.36705198884010315,0.9295250177383423,0.03134100139141083
175.96299743652344,-0.4449999928474426,43.10900115966797,-0.039000000804662704,-6.501999855041504,-6.989999771118164,0.0010870000114664435,-0.002111000008881092,0.0005300000193528831,0.23399999737739563,0.0,0.4212000072002411,0.0,0.0,-9.793749809265137,0.016573000699281693,0.367033988237381,0.9295300245285034,0.0313819982111454
175.9550018310547,-0.4440000057220459,43.108001708984375,-0.07800000160932541,-6.482999801635742,-6.955999851226807,-0.001167000038549304,0.0033209999091923237,-0.00019299999985378236,0.23399999737739563,0.0,0.4212000072002411,0.0,0.0,-9.793749809265137,0.016654999926686287,0.3670310080051422,0.9295259714126587,0.031502000987529755
175.9409942626953,-0.453000009059906,43.106998443603516,-0.07699999958276749,-6.501999855041504,-6.940999984741211,0.0017190000507980585,-0.002489000093191862,0.0006900000153109431,0.23399999737739563,0.0,0.4212000072002411,0.0,0.0,-9.793749809265137,0.016697999089956284,0.3670180141925812,0.9295309782028198,0.03147700056433678
175.94000244140625,-0.45399999618530273,43.11000061035156,-0.10499999672174454,-6.489999771118164,-6.939000129699707,0.00038499999209307134,-0.000981000019237399,0.0013040000339969993,0.23399999737739563,0.0,0.4212000072002411,0.0,0.0,-9.793749809265137,0.016759999096393585,0.36701899766921997,0.9295269846916199,0.031567998230457306
175.92799377441406,-0.4569999873638153,43.11000061035156,-0.09399999678134918,-6.493000030517578,-6.953999996185303,0.0019580000080168247,0.0021019999403506517,5.700000110664405e-05,0.23399999737739563,0.0,0.4212000072002411,0.0,0.0,-9.793749809265137,0.016759999096393585,0.3670260012149811,0.9295240044593811,0.03156900033354759
175.92599487304688,-0.45899999141693115,43.11199951171875,-0.07500000298023224,-6.519999980926514,-6.941999912261963,-0.0006290000164881349,0.0002739999908953905,0.0007229999755509198,0.23399999737739563,0.0,0.4212000072002411,0.0,0.0,-9.793749809265137,0.01674799993634224,0.3670229911804199,0.9295240044593811,0.031599998474121094
175.9149932861328,-0.45500001311302185,43.111000061035156,-0.07100000232458115,-6.5370001792907715,-6.955999851226807,-0.0006799999973736703,0.0015579999890178442,0.0007609999738633633,0.23399999737739563,0.0,0.4212000072002411,0.0,0.0,-9.793749809265137,0.01676500029861927,0.36700400710105896,0.9295290112495422,0.0316770002245903
175.91900634765625,-0.4519999921321869,43.10900115966797,-0.0860000029206276,-6.513000011444092,-6.973999977111816,0.0010949999559670687,0.003091000020503998,-0.0005910000181756914,0.23399999737739563,0.0,0.4212000072002411,0.0,0.0,-9.793749809265137,0.01673799939453602,0.3670229911804199,0.9295240044593811,0.031617000699043274
175.9290008544922,-0.4490000009536743,43.108001708984375,-0.08900000154972076,-6.495999813079834,-6.919000148773193,0.0027809999883174896,0.0009110000100918114,0.0003319999959785491,0.23399999737739563,0.0,0.4212000072002411,0.0,0.0,-9.793749809265137,0.01672700047492981,0.3670389950275421,0.92951899766922,0.03159499913454056
175.92599487304688,-0.4519999921321869,43.10900115966797,-0.06599999964237213,-6.492000102996826,-6.927000045776367,0.0005070000188425183,-0.003965000156313181,-0.0013000000035390258,0.23399999737739563,0.0,0.4212000072002411,0.0,0.0,-9.793749809265137,0.01673699915409088,0.3670549988746643,0.9295099973678589,0.03164200112223625
175.9250030517578,-0.4519999921321869,43.11600112915039,-0.11100000143051147,-6.4629998207092285,-6.931000232696533,0.0013589999871328473,-0.0017839999636635184,-0.0006459999713115394,0.23399999737739563,0.0,0.4212000072002411,0.0,0.0,-9.793749809265137,0.016770999878644943,0.3671190142631531,0.929485023021698,0.031640999019145966
175.9199981689453,-0.4569999873638153,43.119998931884766,-0.09399999678134918,-6.474999904632568,-6.939000129699707,-9.899999713525176e-05,-0.0015190000412985682,-0.0007559999939985573,0.23399999737739563,0.0,0.4212000072002411,0.0,0.0,-9.793749809265137,0.016820000484585762,0.36709800362586975,0.9294880032539368,0.03174100071191788
175.91099548339844,-0.45399999618530273,43.1150016784668,-0.05400000140070915,-6.538000106811523,-6.951000213623047,-0.002730000065639615,-0.0012440000427886844,6.0999998822808266e-05,0.23399999737739563,0.0,0.4212000072002411,0.0,0.0,-9.793749809265137,0.01677500084042549,0.36695998907089233,0.9295420050621033,0.03179600089788437
175.9029998779297,-0.44699999690055847,43.090999603271484,-0.017000000923871994,-6.517000198364258,-6.986000061035156,-0.008239000104367733,0.0015960000455379486,-0.0005869999877177179,0.23399999737739563,0.0,0.4212000072002411,0.0,0.0,-9.793749809265137,0.01672999933362007,0.3668830096721649,0.9295719861984253,0.031835999339818954
175.90699768066406,-0.45100000500679016,43.090999603271484,-0.13099999725818634,-6.318999767303467,-7.00600004196167,-0.047074999660253525,-0.0026759998872876167,-0.004120999947190285,0.23399999737739563,0.0,0.4212000072002411,0.0,0.0,-9.793749809265137,0.016764000058174133,0.36702200770378113,0.92951899766922,0.03176499903202057
175.89700317382812,-0.44600000977516174,43.09299850463867,-0.07599999755620956,-6.560999870300293,-6.934000015258789,-0.0038799999747425318,-0.0028210000600665808,-0.001285000005736947,0.23399999737739563,0.0,0.4212000072002411,0.0,0.0,-9.793749809265137,0.01675800047814846,0.36687999963760376,0.9295729994773865,0.03181900084018707
175.89599609375,-0.44600000977516174,43.095001220703125,-0.052000001072883606,-6.559000015258789,-6.923999786376953,0.007091999985277653,0.00152299995534122,0.0007689999765716493,0.23399999737739563,0.0,0.4212000072002411,0.0,0.0,-9.793749809265137,0.016759000718593597,0.3668850064277649,0.9295690059661865,0.03186500072479248
175.8990020751953,-0.44600000977516174,43.095001220703125,-0.07000000029802322,-6.510000228881836,-6.943999767303467,-0.002644999884068966,-0.0004239999980200082,7.000000186963007e-05,0.23399999737739563,0.0,0.4212000072002411,0.0,0.0,-9.793749809265137,0.016735000535845757,0.3668789863586426,0.9295740127563477,0.03182300180196762
175.90499877929688,-0.44600000977516174,43.0890007019043,-0.11100000143051147,-6.452000141143799,-6.935999870300293,0.005717999767512083,-0.0001630000042496249,0.0006360000115819275,0.23399999737739563,0.0,0.4212000072002411,0.0,0.0,-9.793749809265137,0.016731999814510345,0.36685800552368164,0.9295840263366699,0.03175299987196922
175.91299438476562,-0.4490000009536743,43.09299850463867,-0.08900000154972076,-6.541999816894531,-6.947999954223633,-0.0024629998952150345,-0.001019999966956675,-0.0016749999485909939,0.23399999737739563,0.0,0.4212000072002411,0.0,0.0,-9.793749809265137,0.016746999695897102,0.3668690025806427,0.9295819997787476,0.03170499950647354
175.91200256347656,-0.4490000009536743,43.09000015258789,-0.04600000008940697,-6.589000225067139,-6.922999858856201,-0.0011709999525919557,-0.0011419999646022916,-0.0004980000085197389,0.23399999737739563,0.0,0.4212000072002411,0.0,0.0,-9.793749809265137,0.016769999638199806,0.3668519854545593,0.9295849800109863,0.031780000776052475
175.9040069580078,-0.45100000500679016,43.09299850463867,-0.054999999701976776,-6.5279998779296875,-6.960999965667725,-0.0017529999604448676,0.0004450000124052167,0.001348000019788742,0.23399999737739563,0.0,0.4212000072002411,0.0,0.0,-9.793749809265137,0.016753999516367912,0.3668760061264038,0.9295740127563477,0.03182300180196762
175.9029998779297,-0.44999998807907104,43.09299850463867,-0.07900000363588333,-6.4679999351501465,-6.935999870300293,-0.0017010000301524997,-0.0005709999823011458,-0.00020700000459328294,0.23399999737739563,0.0,0.4212000072002411,0.0,0.0,-9.793749809265137,0.016766000539064407,0.36691001057624817,0.929561972618103,0.03178200125694275
175.906005859375,-0.4490000009536743,43.09199905395508,-0.10499999672174454,-6.520999908447266,-6.948999881744385,-0.004244999960064888,0.0025259999092668295,-0.0005119999987073243,0.23399999737739563,0.0,0.4212000072002411,0.0,0.0,-9.793749809265137,0.01674799993634224,0.36690598726272583,0.9295639991760254,0.03178999945521355
175.90699768066406,-0.45100000500679016,43.09600067138672,-0.10100000351667404,-6.474999904632568,-6.961999893188477,0.005121999885886908,0.0010969999711960554,-0.0007409999961964786,0.23399999737739563,0.0,0.4212000072002411,0.0,0.0,-9.793749809265137,0.01677599921822548,0.36687299609184265,0.9295759797096252,0.03180700168013573
175.8990020751953,-0.45100000500679016,43.095001220703125,-0.10999999940395355,-6.51800012588501,-6.931000232696533,0.0006099999882280827,-0.00228599994443357,0.0010839999886229634,0.23399999737739563,0.0,0.4212000072002411,0.0,0.0,-9.793749809265137,0.01678900048136711,0.3669170141220093,0.9295579791069031,0.031824998557567596
175.9010009765625,-0.44699999690055847,43.097999572753906,-0.06300000101327896,-6.51800012588501,-6.9679999351501465,0.0018939999863505363,-0.002566999988630414,-0.0003980000037699938,0.23399999737739563,0.0,0.4212000072002411,0.0,0.0,-9.793749809265137,0.016804000362753868,0.3669309914112091,0.9295510053634644,0.0318479984998703
175.89700317382812,-0.4490000009536743,43.097999572753906,-0.050999999046325684,-6.449999809265137,-6.9710001945495605,-2.2000000171829015e-05,-0.0004579999949783087,0.000295000005280599,0.23399999737739563,0.0,0.4212000072002411,0.0,0.0,-9.793749809265137,0.016774000599980354,0.3669320046901703,0.9295520186424255,0.03183500096201897
175.89700317382812,-0.4490000009536743,43.09400177001953,-0.026000000536441803,-6.502999782562256,-6.973999977111816,0.00011100000119768083,-0.004033000208437443,-0.00013899999612476677,0.23399999737739563,0.0,0.4212000072002411,0.0,0.0,-9.793749809265137,0.016801999881863594,0.3668980002403259,0.929561972618103,0.03192399814724922
175.89300537109375,-0.45100000500679016,43.09400177001953,-0.11900000274181366,-6.48799991607666,-6.9679999351501465,-0.000391999987186864,-0.0026759998872876167,-0.00036899998667649925,0.23399999737739563,0.0,0.4212000072002411,0.0,0.0,-9.793749809265137,0.016783999279141426,0.3668769896030426,0.9295719861984253,0.03186599910259247
175.8979949951172,-0.4480000138282776,43.09199905395508,-0.10499999672174454,-6.501999855041504,-6.964000225067139,-0.0033179998863488436,0.0029329999815672636,-0.001133000012487173,0.23399999737739563,0.0,0.4212000072002411,0.0,0.0,-9.793749809265137,0.01679999940097332,0.36686399579048157,0.9295769929885864,0.03184700012207031
175.8939971923828,-0.44699999690055847,43.09000015258789,-0.08500000089406967,-6.478000164031982,-6.945000171661377,0.0003260000084992498,-0.0026710000820457935,-0.0011159999994561076,0.23399999737739563,0.0,0.4212000072002411,0.0,0.0,-9.793749809265137,0.016791999340057373,0.3668749928474426,0.9295729994773865,0.031870000064373016
175.89500427246094,-0.44600000977516174,43.0890007019043,-0.023000000044703484,-6.513999938964844,-6.991000175476074,0.0012789999600499868,0.0019310000352561474,0.000387999985832721,0.23399999737739563,0.0,0.4212000072002411,0.0,0.0,-9.793749809265137,0.01672700047492981,0.3668450117111206,0.9295859932899475,0.03185499832034111
175.906005859375,-0.4429999887943268,43.09199905395508,-0.0949999988079071,-6.5279998779296875,-6.919000148773193,-3.000000106112566e-06,0.0026030000299215317,-0.0006709999870508909,0.23399999737739563,0.0,0.4212000072002411,0.0,0.0,-9.793749809265137,0.016688000410795212,0.3668519854545593,0.9295849800109863,0.03182699903845787
175.90499877929688,-0.4410000145435333,43.0890007019043,-0.0949999988079071,-6.493000030517578,-6.946000099182129,-0.0009369999752379954,-0.0026599999982863665,0.00030399998649954796,0.23399999737739563,0.0,0.4212000072002411,0.0,0.0,-9.793749809265137,0.016693999990820885,0.3668839931488037,0.9295719861984253,0.03182600066065788
175.90199279785156,-0.43700000643730164,43.095001220703125,-0.10400000214576721,-6.50600004196167,-6.913000106811523,0.006585000082850456,0.00025499999173916876,0.0007340000011026859,0.23399999737739563,0.0,0.4212000072002411,0.0,0.0,-9.793749809265137,0.01672999933362007,0.36696600914001465,0.9295390248298645,0.03184499964118004
175.9029998779297,-0.4440000057220459,43.09700012207031,-0.04899999871850014,-6.4629998207092285,-6.998000144958496,-0.0009200000204145908,0.002891999902203679,0.0007900000200606883,0.23399999737739563,0.0,0.4212000072002411,0.0,0.0,-9.793749809265137,0.01674799993634224,0.3669629991054535,0.9295390248298645,0.031856998801231384
175.89300537109375,-0.4449999928474426,43.10300064086914,-0.07199999690055847,-6.5269999504089355,-6.956999778747559,0.003280000062659383,-0.001025000005029142,-0.0007890000124461949,0.23399999737739563,0.0,0.4212000072002411,0.0,0.0,-9.793749809265137,0.016804000362753868,0.36701700091362,0.9295169711112976,0.03184499964118004
175.8979949951172,-0.45399999618530273,43.111000061035156,-0.1679999977350235,-6.541999816894531,-6.931000232696533,-0.002472999971359968,0.0011599999852478504,0.001832999987527728,0.23399999737739563,0.0,0.4212000072002411,0.0,0.0,-9.793749809265137,0.0168210007250309,0.3669680058956146,0.9295380115509033,0.03178799897432327
175.90899658203125,-0.44999998807907104,43.104000091552734,-0.04500000178813934,-6.497000217437744,-6.948999881744385,0.00044800000614486635,0.0045079998672008514,0.0010870000114664435,0.23399999737739563,0.0,0.4212000072002411,0.0,0.0,-9.793749809265137,0.01677200011909008,0.36694398522377014,0.9295499920845032,0.031755998730659485
175.90899658203125,-0.45100000500679016,43.097999572753906,-0.03700000047683716,-6.51800012588501,-6.943999767303467,-0.0007259999983943999,0.0007849999819882214,-0.000539999979082495,0.23399999737739563,0.0,0.4212000072002411,0.0,0.0,-9.793749809265137,0.01673400029540062,0.3668909966945648,0.9295709729194641,0.031762998551130295
175.91000366210938,-0.4480000138282776,43.09199905395508,-0.07900000363588333,-6.563000202178955,-6.919000148773193,-0.005969000048935413,-0.0005890000029467046,-0.001003999961540103,0.23399999737739563,0.0,0.4212000072002411,0.0,0.0,-9.793749809265137,0.01674799993634224,0.3668630123138428,0.9295799732208252,0.03182100132107735
175.90199279785156,-0.44999998807907104,43.0880012512207,-0.07199999690055847,-6.4770002365112305,-6.989999771118164,-0.004819999914616346,-0.0015610000118613243,0.0006900000153109431,0.23399999737739563,0.0,0.4212000072002411,0.0,0.0,-9.793749809265137,0.016790000721812248,0.3668549954891205,0.9295819997787476,0.031842999160289764
175.89199829101562,-0.44999998807907104,43.08700180053711,-0.13300000131130219,-6.497000217437744,-6.914999961853027,-0.00042600001324899495,0.0003370000049471855,-0.0005319999763742089,0.23399999737739563,0.0,0.4212000072002411,0.0,0.0,-9.793749809265137,0.016800999641418457,0.36685699224472046,0.9295799732208252,0.031870000064373016
175.8939971923828,-0.44999998807907104,43.09400177001953,-0.0729999989271164,-6.495999813079834,-6.932000160217285,0.005996000021696091,0.00039500001003034413,0.0008769999840296805,0.23399999737739563,0.0,0.4212000072002411,0.0,0.0,-9.793749809265137,0.016798000782728195,0.36695000529289246,0.9295439720153809,0.03182699903845787
175.9010009765625,-0.4519999921321869,43.10599899291992,-0.014000000432133675,-6.520999908447266,-6.751999855041504,0.007538000121712685,0.0008229999803006649,0.0029800001066178083,0.23399999737739563,0.0,0.4212000072002411,0.0,0.0,-9.793749809265137,0.016777999699115753,0.3672809898853302,0.9294149875640869,0.03179299831390381
175.89999389648438,-0.4519999921321869,43.119998931884766,-0.13099999725818634,-6.336999893188477,-6.979000091552734,-0.034150999039411545,-0.004350000061094761,-0.0030169999226927757,0.23399999737739563,0.0,0.4212000072002411,0.0,0.0,-9.793749809265137,0.016721999272704124,0.3669480085372925,0.9295459985733032,0.03182800114154816
175.8979949951172,-0.4429999887943268,43.095001220703125,-0.04800000041723251,-6.317999839782715,-7.11899995803833,0.00992400012910366,-0.003229999914765358,0.0026829999405890703,0.23399999737739563,0.0,0.4212000072002411,0.0,0.0,-9.793749809265137,0.016736000776290894,0.36695998907089233,0.9295399785041809,0.03187299892306328
175.8979949951172,-0.44600000977516174,43.09700012207031,-0.02199999988079071,-6.545000076293945,-6.755000114440918,-0.029425999149680138,0.00072900002123788,-0.0037299999967217445,0.23399999737739563,0.0,0.4212000072002411,0.0,0.0,-9.793749809265137,0.016800999641418457,0.36668500304222107,0.9296429753303528,0.03198700025677681
175.87600708007812,-0.44699999690055847,43.07899856567383,-0.2070000022649765,-6.52400016784668,-6.919000148773193,-0.014770999550819397,-0.00011800000356743112,-0.008604000322520733,0.23399999737739563,0.0,0.4212000072002411,0.0,0.0,-9.793749809265137,0.016878999769687653,0.36680498719215393,0.9295920133590698,0.03207400068640709
175.86300659179688,-0.44999998807907104,43.069000244140625,0.02199999988079071,-6.440000057220459,-7.068999767303467,-0.008348999544978142,-0.0012499999720603228,-0.0016449999529868364,0.23399999737739563,0.0,0.4212000072002411,0.0,0.0,-9.793749809265137,0.01692499965429306,0.3667509853839874,0.929606020450592,0.03226500004529953
175.85000610351562,-0.4490000009536743,43.08300018310547,-0.09600000083446503,-6.492000102996826,-6.9039998054504395,-0.00039000000106170774,0.000826000003144145,0.00041000000783242285,0.23399999737739563,0.0,0.4212000072002411,0.0,0.0,-9.793749809265137,0.01692100055515766,0.36675700545310974,0.9296029806137085,0.03226900100708008
175.83900451660156,-0.4480000138282776,43.08399963378906,-0.10300000011920929,-6.572999954223633,-6.906000137329102,-0.021391000598669052,-0.0027389999013394117,-0.004652000032365322,0.23399999737739563,0.0,0.4212000072002411,0.0,0.0,-9.793749809265137,0.017004000023007393,0.36677899956703186,0.9295880198478699,0.03242599964141846
175.81500244140625,-0.44699999690055847,43.08599853515625,-0.1080000028014183,-6.618000030517578,-6.895999908447266,-0.00837200041860342,-0.002858000108972192,-0.0015310000162571669,0.23399999737739563,0.0,0.4212000072002411,0.0,0.0,-9.793749809265137,0.017055999487638474,0.3668000102043152,0.9295719861984253,0.03259599953889847
175.8000030517578,-0.4490000009536743,43.0890007019043,-0.07400000095367432,-6.5370001792907715,-6.895999908447266,-0.01986199989914894,-0.0005210000090301037,-0.0042500002309679985,0.23399999737739563,0.0,0.4212000072002411,0.0,0.0,-9.793749809265137,0.01708099991083145,0.3668780028820038,0.9295390248298645,0.03264699876308441
175.7899932861328,-0.4490000009536743,43.077999114990234,-0.054999999701976776,-6.439000129699707,-7.0,-0.024241000413894653,-0.0024399999529123306,-0.0042050001211464405,0.23399999737739563,0.0,0.4212000072002411,0.0,0.0,-9.793749809265137,0.017185000702738762,0.3668450117111206,0.9295430183410645,0.0328500010073185
175.76400756835938,-0.44999998807907104,43.08399963378906,-0.09799999743700027,-6.445000171661377,-7.0,0.013578999787569046,0.001969000091776252,0.0009539999882690609,0.23399999737739563,0.0,0.4212000072002411,0.0,0.0,-9.793749809265137,0.01724099926650524,0.3668400049209595,0.9295390248298645,0.03299599885940552
175.75399780273438,-0.44999998807907104,43.0880012512207,-0.05900000035762787,-6.538000106811523,-6.874000072479248,-0.005975000094622374,0.002830999903380871,-0.0010450000409036875,0.23399999737739563,0.0,0.4212000072002411,0.0,0.0,-9.793749809265137,0.017325999215245247,0.36680901050567627,0.9295420050621033,0.033195000141859055
175.7239990234375,-0.44999998807907104,43.084999084472656,-0.06700000166893005,-6.531000137329102,-6.964000225067139,0.003056999994441867,-0.00072900002123788,0.0008640000014565885,0.23399999737739563,0.0,0.4212000072002411,0.0,0.0,-9.793749809265137,0.01743200048804283,0.3667759895324707,0.929544985294342,0.03341599926352501
175.7010040283203,-0.45100000500679016,43.0890007019043,-0.061000000685453415,-6.539000034332275,-6.959000110626221,0.001693999976851046,-0.0006050000083632767,-0.0003100000030826777,0.23399999737739563,0.0,0.4212000072002411,0.0,0.0,-9.793749809265137,0.017450999468564987,0.36678799986839294,0.929535984992981,0.033539000898599625
175.6820068359375,-0.45100000500679016,43.08599853515625,-0.054999999701976776,-6.468999862670898,-6.953999996185303,-0.002124000107869506,-0.0026020000223070383,-0.00012799999967683107,0.23399999737739563,0.0,0.4212000072002411,0.0,0.0,-9.793749809265137,0.01754399947822094,0.366800993680954,0.9295219779014587,0.03373099863529205
175.65699768066406,-0.4519999921321869,43.08300018310547,-0.07000000029802322,-6.4770002365112305,-6.939000129699707,-4.5000000682193786e-05,0.001429000054486096,-0.0002899999963119626,0.23399999737739563,0.0,0.4212000072002411,0.0,0.0,-9.793749809265137,0.017613999545574188,0.36680200695991516,0.9295129776000977,0.0339290015399456
175.63299560546875,-0.44699999690055847,43.084999084472656,-0.0729999989271164,-6.501999855041504,-6.956999778747559,0.00177800003439188,0.0014799999771639705,-0.00024300000222865492,0.23399999737739563,0.0,0.4212000072002411,0.0,0.0,-9.793749809265137,0.017678000032901764,0.3667660057544708,0.9295179843902588,0.0341619998216629
175.6009979248047,-0.44699999690055847,43.08399963378906,-0.09399999678134918,-6.514999866485596,-6.9720001220703125,0.0006169999833218753,-0.005611000116914511,0.00033599999733269215,0.23399999737739563,0.0,0.4212000072002411,0.0,0.0,-9.793749809265137,0.01774599961936474,0.3667469918727875,0.9295160174369812,0.03437399864196777
175.58599853515625,-0.4429999887943268,43.08399963378906,-0.07599999755620956,-6.492000102996826,-6.928999900817871,-0.0002099999983329326,0.0009820000268518925,-0.00028700000257231295,0.23399999737739563,0.0,0.4212000072002411,0.0,0.0,-9.793749809265137,0.017805999144911766,0.3667930066585541,0.929489016532898,0.034577999264001846
175.55599975585938,-0.44699999690055847,43.0890007019043,-0.0560000017285347,-6.493000030517578,-6.980999946594238,0.0002690000110305846,-0.0022869999520480633,0.0005239999736659229,0.23399999737739563,0.0,0.4212000072002411,0.0,0.0,-9.793749809265137,0.01787400059401989,0.3668240010738373,0.9294689893722534,0.03477200120687485
175.53599548339844,-0.44200000166893005,43.090999603271484,-0.07800000160932541,-6.502999782562256,-6.9730000495910645,0.00036800000816583633,0.002283999929204583,-0.0010779999429360032,0.23399999737739563,0.0,0.4212000072002411,0.0,0.0,-9.793749809265137,0.01795800030231476,0.36681199073791504,0.9294639825820923,0.03497600182890892
175.5019989013672,-0.4399999976158142,43.09299850463867,-0.10599999874830246,-6.5329999923706055,-6.947000026702881,-0.0002640000020619482,0.0021379999816417694,0.00046300000394694507,0.23399999737739563,0.0,0.4212000072002411,0.0,0.0,-9.793749809265137,0.018021000549197197,0.3668209910392761,0.9294509887695312,0.035193998366594315
175.4759979248047,-0.4399999976158142,43.095001220703125,-0.10599999874830246,-6.507999897003174,-6.9679999351501465,-0.0009369999752379954,-0.0020210000220686197,-0.00013699999544769526,0.23399999737739563,0.0,0.4212000072002411,0.0,0.0,-9.793749809265137,0.01816600002348423,0.36684900522232056,0.9294270277023315,0.035461001098155975
175.44200134277344,-0.4449999928474426,43.09700012207031,-0.06700000166893005,-6.5,-6.97599983215332,-0.00016500000492669642,-0.0020349998958408833,0.0001849999971454963,0.23399999737739563,0.0,0.4212000072002411,0.0,0.0,-9.793749809265137,0.018238000571727753,0.3668389916419983,0.9294220209121704,0.03564300015568733
175.4239959716797,-0.44600000977516174,43.095001220703125,-0.06400000303983688,-6.507999897003174,-6.925000190734863,0.0005169999785721302,-0.005582000128924847,-0.0006859999848529696,0.23399999737739563,0.0,0.4212000072002411,0.0,0.0,-9.793749809265137,0.018290000036358833,0.36682501435279846,0.929419994354248,0.03582499921321869
175.406005859375,-0.4429999887943268,43.09299850463867,-0.11599999666213989,-6.456999778747559,-6.959000110626221,0.0007259999983943999,0.00380200007930398,0.0003000000142492354,0.23399999737739563,0.0,0.4212000072002411,0.0,0.0,-9.793749809265137,0.018384000286459923,0.36680498719215393,0.9294189810752869,0.03601599857211113
175.3820037841797,-0.4440000057220459,43.09000015258789,-0.10400000214576721,-6.491000175476074,-6.934999942779541,0.0010760000441223383,-0.0018400000408291817,-0.0010949999559670687,0.23399999737739563,0.0,0.4212000072002411,0.0,0.0,-9.793749809265137,0.018393000587821007,0.3668229877948761,0.929407000541687,0.03612099960446358
175.36199951171875,-0.4390000104904175,43.09400177001953,-0.10100000351667404,-6.505000114440918,-6.9629998207092285,-0.0003760000108741224,0.0034050000831484795,-0.0011239999439567327,0.23399999737739563,0.0,0.4212000072002411,0.0,0.0,-9.793749809265137,0.018492000177502632,0.366813987493515,0.9294019937515259,0.036295998841524124
175.33900451660156,-0.44699999690055847,43.09600067138672,-0.03500000014901161,-6.5229997634887695,-6.96999979019165,-0.00041599999531172216,-0.0018189999973401427,-0.000446999998530373,0.23399999737739563,0.0,0.4212000072002411,0.0,0.0,-9.793749809265137,0.018636999651789665,0.3668150007724762,0.9293879866600037,0.036566998809576035
175.31500244140625,-0.44600000977516174,43.09600067138672,-0.054999999701976776,-6.50600004196167,-6.96999979019165,-0.0010870000114664435,0.0005660000024363399,-0.0008740000193938613,0.23399999737739563,0.0,0.4212000072002411,0.0,0.0,-9.793749809265137,0.018619999289512634,0.3667980134487152,0.929394006729126,0.036600999534130096
175.31100463867188,-0.4449999928474426,43.09400177001953,-0.10400000214576721,-6.513000011444092,-6.960000038146973,-0.00040099999750964344,-0.0007360000163316727,-0.00010599999950500205,0.23399999737739563,0.0,0.4212000072002411,0.0,0.0,-9.793749809265137,0.018713999539613724,0.3667750060558319,0.9293950200080872,0.036747001111507416
175.28900146484375,-0.4490000009536743,43.0890007019043,-0.10899999737739563,-6.504000186920166,-6.942999839782715,-0.0008549999911338091,-0.0007830000249668956,0.000859999970998615,0.23399999737739563,0.0,0.4212000072002411,0.0,0.0,-9.793749809265137,0.018744999542832375,0.36674100160598755,0.9294049739837646,0.03683299943804741
175.2790069580078,-0.44999998807907104,43.08599853515625,-0.09399999678134918,-6.506999969482422,-6.929999828338623,-0.001117000007070601,0.002725000027567148,0.0002589999930933118,0.23399999737739563,0.0,0.4212000072002411,0.0,0.0,-9.793749809265137,0.01881900057196617,0.3667300045490265,0.9294030070304871,0.0369499996304512
175.26699829101562,-0.44999998807907104,43.08599853515625,-0.0430000014603138,-6.4770002365112305,-6.932000160217285,-0.0007859999896027148,-9.999999747378752e-05,8.800000068731606e-05,0.23399999737739563,0.0,0.4212000072002411,0.0,0.0,-9.793749809265137,0.018827000632882118,0.36675599217414856,0.9293889999389648,0.037025999277830124
175.2550048828125,-0.45100000500679016,43.0890007019043,-0.04699999839067459,-6.514999866485596,-6.964000225067139,0.0016949999844655395,0.0001230000052601099,0.00011200000153621659,0.23399999737739563,0.0,0.4212000072002411,0.0,0.0,-9.793749809265137,0.018921999260783195,0.3667519986629486,0.9293820261955261,0.03720400109887123
175.2270050048828,-0.45399999618530273,43.09000015258789,-0.0729999989271164,-6.49399995803833,-6.941999912261963,0.004149999935179949,-0.003364000003784895,0.00047599998652003706,0.23399999737739563,0.0,0.4212000072002411,0.0,0.0,-9.793749809265137,0.01899299956858158,0.3667069971561432,0.9293889999389648,0.0374470017850399
175.2030029296875,-0.4490000009536743,43.090999603271484,-0.10599999874830246,-6.497000217437744,-6.925000190734863,0.004290999844670296,0.0003769999893847853,0.0010239999974146485,0.23399999737739563,0.0,0.4212000072002411,0.0,0.0,-9.793749809265137,0.019054999575018883,0.3667539954185486,0.9293599724769592,0.03765900060534477
175.1719970703125,-0.4480000138282776,43.0880012512207,-0.03999999910593033,-6.456999778747559,-6.964000225067139,-0.0026259999722242355,-0.0032969999592751265,-2.5999999706982635e-05,0.23399999737739563,0.0,0.4212000072002411,0.0,0.0,-9.793749809265137,0.01910099945962429,0.36673998832702637,0.9293609857559204,0.037755999714136124
175.16099548339844,-0.44999998807907104,43.09000015258789,-0.061000000685453415,-6.505000114440918,-6.948999881744385,0.003980000037699938,-0.002397000091150403,0.00029600001289509237,0.23399999737739563,0.0,0.4212000072002411,0.0,0.0,-9.793749809265137,0.01919100061058998,0.36673200130462646,0.9293569922447205,0.03789599984884262
175.14500427246094,-0.44999998807907104,43.0880012512207,-0.050999999046325684,-6.5269999504089355,-6.939000129699707,-0.001484000007621944,0.0012450000504031777,-0.0013429999817162752,0.23399999737739563,0.0,0.4212000072002411,0.0,0.0,-9.793749809265137,0.019222000613808632,0.3667300045490265,0.9293509721755981,0.03802400082349777
175.13499450683594,-0.45100000500679016,43.09000015258789,-0.08799999952316284,-6.5,-6.953999996185303,0.0027149999514222145,0.0003100000030826777,-3.7999998312443495e-05,0.23399999737739563,0.0,0.4212000072002411,0.0,0.0,-9.793749809265137,0.01928500086069107,0.3667519986629486,0.9293370246887207,0.038120001554489136
175.11599731445312,-0.4519999921321869,43.09700012207031,-0.09399999678134918,-6.465000152587891,-6.931000232696533,0.007830999791622162,0.0024999999441206455,0.0010969999711960554,0.23399999737739563,0.0,0.4212000072002411,0.0,0.0,-9.793749809265137,0.019370999187231064,0.36683499813079834,0.929295003414154,0.03830600157380104
175.11000061035156,-0.4620000123977661,43.152000427246094,-0.15700000524520874,-6.458000183105469,-6.826000213623047,-0.004213999956846237,-0.004284000024199486,-0.002457000082358718,0.23399999737739563,0.0,0.4212000072002411,0.0,0.0,-9.793749809265137,0.01943800039589405,0.3671779930591583,0.9291579723358154,0.0383090004324913
175.09300231933594,-0.4569999873638153,43.14099884033203,-0.02500000037252903,-6.494999885559082,-7.007999897003174,0.008566999807953835,-0.0006399999838322401,0.0011239999439567327,0.23399999737739563,0.0,0.4212000072002411,0.0,0.0,-9.793749809265137,0.019507000222802162,0.367235004901886,0.9291300177574158,0.03841499984264374
175.0780029296875,-0.460999995470047,43.1510009765625,-0.004999999888241291,-6.567999839782715,-6.956999778747559,-0.0020389999262988567,-0.0031739999540150166,-0.0018840000266209245,0.23399999737739563,0.0,0.4212000072002411,0.0,0.0,-9.793749809265137,0.019548000767827034,0.36724498867988586,0.9291219711303711,0.038495998829603195
175.0590057373047,-0.45899999141693115,43.15800094604492,-0.1340000033378601,-6.550000190734863,-6.889999866485596,0.003404000075533986,4.5000000682193786e-05,-0.0019660000689327717,0.23399999737739563,0.0,0.4212000072002411,0.0,0.0,-9.793749809265137,0.019617000594735146,0.36722099781036377,0.9291210174560547,0.03869200125336647
175.04800415039062,-0.4620000123977661,43.1510009765625,-0.035999998450279236,-6.489999771118164,-6.949999809265137,-0.004220000002533197,-0.0013849999522790313,-0.000707999977748841,0.23399999737739563,0.0,0.4212000072002411,0.0,0.0,-9.793749809265137,0.019657999277114868,0.3670389950275421,0.9291859865188599,0.03884800150990486
175.02099609375,-0.45899999141693115,43.11800003051758,-0.08500000089406967,-6.526000022888184,-6.896999835968018,-0.012085000053048134,-0.0025939999613910913,-0.000577000027988106,0.23399999737739563,0.0,0.4212000072002411,0.0,0.0,-9.793749809265137,0.01966099999845028,0.3668749928474426,0.9292470216751099,0.03895600140094757
175.01400756835938,-0.4560000002384186,43.108001708984375,-0.05000000074505806,-6.473999977111816,-6.978000164031982,-0.002940000034868717,0.0013800000306218863,0.0008880000095814466,0.23399999737739563,0.0,0.4212000072002411,0.0,0.0,-9.793749809265137,0.019711999222636223,0.3668540120124817,0.9292489886283875,0.039062999188899994
174.99899291992188,-0.45500001311302185,43.11000061035156,-0.054999999701976776,-6.49399995803833,-6.936999797821045,0.0015910000074654818,0.0020620001014322042,0.0022720000706613064,0.23399999737739563,0.0,0.4212000072002411,0.0,0.0,-9.793749809265137,0.019759999588131905,0.3668749928474426,0.9292349815368652,0.03917799890041351
174.97799682617188,-0.4569999873638153,43.10599899291992,-0.07199999690055847,-6.473999977111816,-6.935999870300293,-0.00039900001138448715,-0.00032699998700991273,-0.0012260000221431255,0.23399999737739563,0.0,0.4212000072002411,0.0,0.0,-9.793749809265137,0.019871000200510025,0.3668519854545593,0.9292309880256653,0.039434999227523804
174.9510040283203,-0.4569999873638153,43.10900115966797,-0.09000000357627869,-6.589000225067139,-6.875999927520752,0.0044570001773536205,-0.0003539999888744205,-0.0008120000129565597,0.23399999737739563,0.0,0.4212000072002411,0.0,0.0,-9.793749809265137,0.019919000566005707,0.3668609857559204,0.929220974445343,0.03955800086259842
174.9320068359375,-0.4569999873638153,43.10100173950195,-0.07999999821186066,-6.51200008392334,-6.973999977111816,-0.006039000116288662,-0.0036539998836815357,-0.0009640000062063336,0.23399999737739563,0.0,0.4212000072002411,0.0,0.0,-9.793749809265137,0.019964000210165977,0.366800993680954,0.9292380213737488,0.03969600051641464
174.91900634765625,-0.4580000042915344,43.11399841308594,-0.026000000536441803,-6.644999980926514,-6.818999767303467,0.017653999850153923,-0.005727999843657017,0.007662999909371138,0.23399999737739563,0.0,0.4212000072002411,0.0,0.0,-9.793749809265137,0.02002199925482273,0.3668240010738373,0.9292179942131042,0.03990999981760979
174.89300537109375,-0.4569999873638153,43.106998443603516,-0.12999999523162842,-6.53000020980835,-6.9019999504089355,0.00019299999985378236,0.002196999965235591,-0.002136999974027276,0.23399999737739563,0.0,0.4212000072002411,0.0,0.0,-9.793749809265137,0.020130999386310577,0.3668240010738373,0.9292070269584656,0.04011400043964386
174.8730010986328,-0.4580000042915344,43.10599899291992,-0.0989999994635582,-6.3979997634887695,-6.943999767303467,0.013411999680101871,0.00018200000340584666,0.0023330000694841146,0.23399999737739563,0.0,0.4212000072002411,0.0,0.0,-9.793749809265137,0.020137999206781387,0.3667519986629486,0.9292320013046265,0.04019299894571304
174.86700439453125,-0.45100000500679016,43.11899948120117,-0.3619999885559082,-6.63100004196167,-7.099999904632568,0.03170099854469299,0.03861000016331673,-0.023016000166535378,0.23399999737739563,0.0,0.4212000072002411,0.0,0.0,-9.793749809265137,0.020181000232696533,0.36691799759864807,0.9291599988937378,0.04031100124120712
174.84800720214844,-0.45399999618530273,43.07699966430664,-0.023000000044703484,-6.607999801635742,-6.797999858856201,-0.02596599981188774,-0.009291999973356724,0.001259000040590763,0.23399999737739563,0.0,0.4212000072002411,0.0,0.0,-9.793749809265137,0.02016800083220005,0.36665400862693787,0.9292600154876709,0.040415000170469284
174.83200073242188,-0.44999998807907104,43.09199905395508,-0.0430000014603138,-6.4629998207092285,-6.947999954223633,0.028040999546647072,-9.40000027185306e-05,0.0019499999471008778,0.23399999737739563,0.0,0.4212000072002411,0.0,0.0,-9.793749809265137,0.020236000418663025,0.3666580021381378,0.9292489886283875,0.04059800133109093
174.8159942626953,-0.45100000500679016,43.08700180053711,-0.029999999329447746,-6.48799991607666,-6.968999862670898,-0.0030429998878389597,0.0007769999792799354,0.00045900000259280205,0.23399999737739563,0.0,0.4212000072002411,0.0,0.0,-9.793749809265137,0.02027999982237816,0.3666689991950989,0.9292389750480652,0.040706999599933624
174.80099487304688,-0.4480000138282776,43.08100128173828,-0.04800000041723251,-6.4720001220703125,-6.979000091552734,-0.0049390001222491264,-0.0018629999831318855,-0.001145999995060265,0.23399999737739563,0.0,0.4212000072002411,0.0,0.0,-9.793749809265137,0.02033500000834465,0.3666599988937378,0.9292370080947876,0.04081299901008606
174.78599548339844,-0.44999998807907104,43.08399963378906,-0.05400000140070915,-6.539000034332275,-6.953000068664551,0.0028260000981390476,0.00133200001437217,0.0007249999907799065,0.23399999737739563,0.0,0.4212000072002411,0.0,0.0,-9.793749809265137,0.020369000732898712,0.36666300892829895,0.9292309880256653,0.04090699926018715
174.7760009765625,-0.44999998807907104,43.09400177001953,-0.13699999451637268,-6.545000076293945,-6.9019999504089355,-0.0014909999445080757,0.0011279999744147062,0.0003530000103637576,0.23399999737739563,0.0,0.4212000072002411,0.0,0.0,-9.793749809265137,0.020394999533891678,0.36670300364494324,0.9292100071907043,0.04101800173521042
174.76100158691406,-0.4480000138282776,43.09400177001953,-0.12700000405311584,-6.5279998779296875,-6.954999923706055,-0.008747000247240067,0.0024530000519007444,-0.0028619999065995216,0.23399999737739563,0.0,0.4212000072002411,0.0,0.0,-9.793749809265137,0.0204670000821352,0.36671000719070435,0.9292010068893433,0.041124001145362854
174.7550048828125,-0.4490000009536743,43.09199905395508,-0.04699999839067459,-6.453000068664551,-6.9710001945495605,0.00420599989593029,2.4000000848900527e-05,0.000686999992467463,0.23399999737739563,0.0,0.4212000072002411,0.0,0.0,-9.793749809265137,0.020509999245405197,0.36675500869750977,0.9291790127754211,0.04120099917054176
174.74200439453125,-0.4560000002384186,43.11600112915039,-0.0949999988079071,-6.794000148773193,-6.894999980926514,-0.019099999219179153,-4.5000000682193786e-05,-0.0032079999800771475,0.23399999737739563,0.0,0.4212000072002411,0.0,0.0,-9.793749809265137,0.020594999194145203,0.3669559955596924,0.9290980100631714,0.04118400067090988
174.73399353027344,-0.45399999618530273,43.138999938964844,-0.04600000008940697,-6.711999893188477,-6.896999835968018,-0.0070489998906850815,-0.0006179999909363687,-0.0021730000153183937,0.23399999737739563,0.0,0.4212000072002411,0.0,0.0,-9.793749809265137,0.020674999803304672,0.3676159977912903,0.9288370013237,0.04114200174808502
174.73199462890625,-0.46299999952316284,43.165000915527344,-0.04600000008940697,-6.48799991607666,-7.006999969482422,-0.017851000651717186,-0.002601000014692545,-0.0006169999833218753,0.23399999737739563,0.0,0.4212000072002411,0.0,0.0,-9.793749809265137,0.020716000348329544,0.36748000979423523,0.9288830161094666,0.0413069985806942
174.7169952392578,-0.4659999907016754,43.17900085449219,-0.09200000017881393,-6.48799991607666,-6.974999904632568,-0.011374000459909439,-0.0009369999752379954,-0.0007779999868944287,0.23399999737739563,0.0,0.4212000072002411,0.0,0.0,-9.793749809265137,0.020754000172019005,0.3674260079860687,0.9288979768753052,0.041429001837968826
174.70899963378906,-0.4659999907016754,43.1879997253418,-0.06599999964237213,-6.564000129699707,-6.873000144958496,-0.00570600014179945,-0.0011259999591857195,3.999999989900971e-06,0.23399999737739563,0.0,0.4212000072002411,0.0,0.0,-9.793749809265137,0.020742999389767647,0.3672800064086914,0.9289500117301941,0.041551001369953156
174.6929931640625,-0.4580000042915344,43.159000396728516,-0.0729999989271164,-6.517000198364258,-6.864999771118164,0.008851000107824802,-0.0014280000468716025,0.002876000013202429,0.23399999737739563,0.0,0.4212000072002411,0.0,0.0,-9.793749809265137,0.02072400040924549,0.3671190142631531,0.9290099740028381,0.04165099933743477
174.6840057373047,-0.4560000002384186,43.14899826049805,-0.09399999678134918,-6.447999954223633,-6.910999774932861,-0.023019999265670776,0.00021800000104121864,-0.006928999908268452,0.23399999737739563,0.0,0.4212000072002411,0.0,0.0,-9.793749809265137,0.020793000236153603,0.3671329915523529,0.9289990067481995,0.04174000024795532
174.6719970703125,-0.4580000042915344,43.14099884033203,-0.05999999865889549,-6.513000011444092,-7.091000080108643,0.0011810000287368894,0.0032130000181496143,-0.0018080000299960375,0.23399999737739563,0.0,0.4212000072002411,0.0,0.0,-9.793749809265137,0.020880000665783882,0.36724698543548584,0.9289500117301941,0.04177900031208992
174.65699768066406,-0.45500001311302185,43.14699935913086,-0.15399999916553497,-6.632999897003174,-6.913000106811523,0.00024300000222865492,0.0027759999502450228,-0.00023999999393709004,0.23399999737739563,0.0,0.4212000072002411,0.0,0.0,-9.793749809265137,0.020888999104499817,0.3672710061073303,0.9289349913597107,0.04190000146627426
174.65199279785156,-0.46399998664855957,43.18600082397461,-0.07599999755620956,-6.607999801635742,-6.923999786376953,0.005355999805033207,-0.002908000024035573,0.005276000127196312,0.23399999737739563,0.0,0.4212000072002411,0.0,0.0,-9.793749809265137,0.020982999354600906,0.36746498942375183,0.9288539886474609,0.04194200038909912
174.63099670410156,-0.4650000035762787,43.18899917602539,-0.03799999877810478,-6.578999996185303,-6.9720001220703125,0.00030499999411404133,-0.00304200011305511,-0.0016080000204965472,0.23399999737739563,0.0,0.4212000072002411,0.0,0.0,-9.793749809265137,0.02104800008237362,0.3675040006637573,0.9288300275802612,0.042110998183488846
174.61700439453125,-0.46700000762939453,43.207000732421875,-0.10499999672174454,-6.521999835968018,-6.932000160217285,0.0059079998172819614,3.199999991920777e-05,0.0007970000151544809,0.23399999737739563,0.0,0.4212000072002411,0.0,0.0,-9.793749809265137,0.02111000008881092,0.3676359951496124,0.9287689924240112,0.042256999760866165
174.59300231933594,-0.4650000035762787,43.215999603271484,-0.10599999874830246,-6.577000141143799,-6.861999988555908,-0.011594000272452831,-0.0027260000351816416,-0.0024470000062137842,0.23399999737739563,0.0,0.4212000072002411,0.0,0.0,-9.793749809265137,0.021165000274777412,0.3676590025424957,0.9287499785423279,0.04244299978017807
174.5760040283203,-0.46399998664855957,43.215999603271484,-0.054999999701976776,-6.580999851226807,-6.929999828338623,-0.002563999965786934,-0.0021430000197142363,0.00042600001324899495,0.23399999737739563,0.0,0.4212000072002411,0.0,0.0,-9.793749809265137,0.02124899998307228,0.3676939904689789,0.9287279844284058,0.04259200021624565
174.5540008544922,-0.4650000035762787,43.21799850463867,-0.03700000047683716,-6.533999919891357,-6.980000019073486,-0.008097000420093536,-0.0016499999910593033,2.300000051036477e-05,0.23399999737739563,0.0,0.4212000072002411,0.0,0.0,-9.793749809265137,0.0213019996881485,0.36764299869537354,0.9287390112876892,0.04275599867105484
174.53700256347656,-0.4659999907016754,43.21699905395508,-0.09099999815225601,-6.5279998779296875,-6.915999889373779,-0.00430699996650219,-0.0007169999880716205,-0.002382999984547496,0.23399999737739563,0.0,0.4212000072002411,0.0,0.0,-9.793749809265137,0.021338999271392822,0.36768999695777893,0.9287160038948059,0.042851999402046204
174.531005859375,-0.4650000035762787,43.2140007019043,-0.08299999684095383,-6.480000019073486,-6.978000164031982,-0.0027979998849332333,-0.0013549999566748738,-0.0009759999811649323,0.23399999737739563,0.0,0.4212000072002411,0.0,0.0,-9.793749809265137,0.021429000422358513,0.36761799454689026,0.9287359714508057,0.04297100007534027
174.51300048828125,-0.46799999475479126,43.21200180053711,-0.02800000086426735,-6.4629998207092285,-6.919000148773193,0.0012390000047162175,0.0009640000062063336,-0.00020500000391621143,0.23399999737739563,0.0,0.4212000072002411,0.0,0.0,-9.793749809265137,0.021480999886989594,0.367576003074646,0.9287430047988892,0.04316899925470352
174.48199462890625,-0.4699999988079071,43.20899963378906,-0.07500000298023224,-6.553999900817871,-6.932000160217285,-0.004769999999552965,0.0023620000574737787,-0.0006689999718219042,0.23399999737739563,0.0,0.4212000072002411,0.0,0.0,-9.793749809265137,0.021503999829292297,0.3675360083580017,0.9287509918212891,0.04332299903035164
174.47300720214844,-0.4659999907016754,43.20800018310547,-0.0989999994635582,-6.498000144958496,-6.9120001792907715,0.0011950000189244747,-0.0026740001048892736,-0.000826000003144145,0.23399999737739563,0.0,0.4212000072002411,0.0,0.0,-9.793749809265137,0.021587999537587166,0.3675599992275238,0.9287340044975281,0.043439000844955444
174.447998046875,-0.4650000035762787,43.20500183105469,-0.11100000143051147,-6.505000114440918,-6.935999870300293,-0.0006309999735094607,0.0003699999942909926,-0.0009130000253207982,0.23399999737739563,0.0,0.4212000072002411,0.0,0.0,-9.793749809265137,0.021630000323057175,0.3675529956817627,0.9287279844284058,0.04359300062060356
174.44000244140625,-0.4659999907016754,43.20600128173828,-0.0729999989271164,-6.484000205993652,-6.8979997634887695,0.000678999989759177,0.0015160000184550881,-0.0001740000006975606,0.23399999737739563,0.0,0.4212000072002411,0.0,0.0,-9.793749809265137,0.02173900045454502,0.36757099628448486,0.928712010383606,0.04373199865221977
174.41299438476562,-0.46799999475479126,43.20800018310547,-0.09200000017881393,-6.517000198364258,-6.900000095367432,0.0037330000195652246,0.0010920000495389104,-0.0008570000063627958,0.23399999737739563,0.0,0.4212000072002411,0.0,0.0,-9.793749809265137,0.021777000278234482,0.3675670027732849,0.9287030100822449,0.04393500089645386
174.39300537109375,-0.4659999907016754,43.20899963378906,-0.054999999701976776,-6.49399995803833,-6.945000171661377,0.002807999961078167,0.0011399999493733048,-0.0008559999987483025,0.23399999737739563,0.0,0.4212000072002411,0.0,0.0,-9.793749809265137,0.02181299962103367,0.3675599992275238,0.9286990165710449,0.044061001390218735
174.3730010986328,-0.4659999907016754,43.209999084472656,-0.0820000022649765,-6.504000186920166,-6.947999954223633,-0.0021540001034736633,-0.0029949999880045652,-0.00023499999952036887,0.23399999737739563,0.0,0.4212000072002411,0.0,0.0,-9.793749809265137,0.021846000105142593,0.3675589859485626,0.9286940097808838,0.044169001281261444
174.37100219726562,-0.4659999907016754,43.21200180053711,-0.08500000089406967,-6.479000091552734,-6.935999870300293,0.006417000200599432,-0.0026110000908374786,0.00030399998649954796,0.23399999737739563,0.0,0.4212000072002411,0.0,0.0,-9.793749809265137,0.021925000473856926,0.3675839900970459,0.9286789894104004,0.044224999845027924
174.3520050048828,-0.4699999988079071,43.20899963378906,-0.05400000140070915,-6.507999897003174,-6.941999912261963,-0.0020600000862032175,4.999999873689376e-06,-0.0014440000522881746,0.23399999737739563,0.0,0.4212000072002411,0.0,0.0,-9.793749809265137,0.021990999579429626,0.3675670027732849,0.9286760091781616,0.04439600184559822
174.33299255371094,-0.47200000286102295,43.21099853515625,-0.06599999964237213,-6.533999919891357,-6.932000160217285,0.00021800000104121864,0.0007559999939985573,-0.0009069999796338379,0.23399999737739563,0.0,0.4212000072002411,0.0,0.0,-9.793749809265137,0.022053999826312065,0.36761200428009033,0.928650975227356,0.044516999274492264
174.30999755859375,-0.4729999899864197,43.215999603271484,-0.11100000143051147,-6.498000144958496,-6.908999919891357,0.0016609999584034085,-0.0029460000805556774,-0.00017699999443721026,0.23399999737739563,0.0,0.4212000072002411,0.0,0.0,-9.793749809265137,0.022128000855445862,0.3675999939441681,0.928646981716156,0.04467500001192093
174.2969970703125,-0.47099998593330383,43.2140007019043,-0.05900000035762787,-6.51200008392334,-6.952000141143799,-0.0001939999929163605,-0.00016399999731220305,-0.0007650000043213367,0.23399999737739563,0.0,0.4212000072002411,0.0,0.0,-9.793749809265137,0.02217799983918667,0.36758899688720703,0.9286410212516785,0.044856999069452286
174.27000427246094,-0.4699999988079071,43.215999603271484,-0.09300000220537186,-6.498000144958496,-6.951000213623047,0.00038400001358240843,-0.002374999923631549,-0.00039000000106170774,0.23399999737739563,0.0,0.4212000072002411,0.0,0.0,-9.793749809265137,0.022255999967455864,0.36757099628448486,0.9286379814147949,0.04503900185227394
174.24899291992188,-0.4690000116825104,43.215999603271484,-0.052000001072883606,-6.526000022888184,-6.932000160217285,0.003120000008493662,9.100000170292333e-05,7.500000356230885e-05,0.23399999737739563,0.0,0.4212000072002411,0.0,0.0,-9.793749809265137,0.02234099991619587,0.3675859868526459,0.9286199808120728,0.045246001332998276
174.2220001220703,-0.4729999899864197,43.215999603271484,-0.03400000184774399,-6.52400016784668,-6.923999786376953,0.00047500000800937414,-0.0034600000362843275,0.0006249999860301614,0.23399999737739563,0.0,0.4212000072002411,0.0,0.0,-9.793749809265137,0.02243800088763237,0.36757299304008484,0.9286119937896729,0.045458998531103134
174.19700622558594,-0.4729999899864197,43.2140007019043,-0.10100000351667404,-6.517000198364258,-6.931000232696533,0.0005300000193528831,-0.003111999947577715,-0.001972000114619732,0.23399999737739563,0.0,0.4212000072002411,0.0,0.0,-9.793749809265137,0.022482000291347504,0.36756399273872375,0.9286069869995117,0.045611001551151276
174.1820068359375,-0.47200000286102295,43.2140007019043,-0.07900000363588333,-6.486000061035156,-6.885000228881836,0.0010339999571442604,0.001623000018298626,0.0005719999899156392,0.23399999737739563,0.0,0.4212000072002411,0.0,0.0,-9.793749809265137,0.022559000179171562,0.3675679862499237,0.9285950064659119,0.04579000174999237
174.16200256347656,-0.47099998593330383,43.21500015258789,-0.09099999815225601,-6.501999855041504,-6.916999816894531,0.0010430000256747007,-0.0019069999689236283,0.0004769999941345304,0.23399999737739563,0.0,0.4212000072002411,0.0,0.0,-9.793749809265137,0.022599000483751297,0.36756500601768494,0.9285879731178284,0.04591900110244751
174.1439971923828,-0.4690000116825104,43.2130012512207,-0.057999998331069946,-6.543000221252441,-6.927999973297119,-0.0016720000421628356,-0.0011030000168830156,-0.0005319999763742089,0.23399999737739563,0.0,0.4212000072002411,0.0,0.0,-9.793749809265137,0.02263600006699562,0.36754700541496277,0.9285860061645508,0.04610100015997887
174.12100219726562,-0.4659999907016754,43.21200180053711,-0.06400000303983688,-6.515999794006348,-6.980999946594238,0.0017170000355690718,-0.0028440000023692846,-0.00023099999816622585,0.23399999737739563,0.0,0.4212000072002411,0.0,0.0,-9.793749809265137,0.02266000024974346,0.36754000186920166,0.9285820126533508,0.046213001012802124
174.11399841308594,-0.46399998664855957,43.2130012512207,-0.0989999994635582,-6.500999927520752,-6.940999984741211,-0.0003459999861661345,-0.0034489999525249004,0.00015999999595806003,0.23399999737739563,0.0,0.4212000072002411,0.0,0.0,-9.793749809265137,0.022731000557541847,0.3675540089607239,0.9285669922828674,0.04636700078845024
174.093994140625,-0.4650000035762787,43.21500015258789,-0.08299999684095383,-6.535999774932861,-6.9120001792907715,-0.002865999937057495,-0.0008820000221021473,0.00044800000614486635,0.23399999737739563,0.0,0.4212000072002411,0.0,0.0,-9.793749809265137,0.022771000862121582,0.36756399273872375,0.9285550117492676,0.04651299864053726
174.0760040283203,-0.4620000123977661,43.21699905395508,-0.08799999952316284,-6.491000175476074,-6.90500020980835,-0.00014899999951012433,-0.00014200000441633165,0.0002629999944474548,0.23399999737739563,0.0,0.4212000072002411,0.0,0.0,-9.793749809265137,0.022815000265836716,0.3675769865512848,0.9285439848899841,0.04660400003194809
174.06300354003906,-0.46299999952316284,43.21900177001953,-0.054999999701976776,-6.498000144958496,-6.958000183105469,2.8000000384054147e-05,-0.0023640000727027655,-0.0008539999835193157,0.23399999737739563,0.0,0.4212000072002411,0.0,0.0,-9.793749809265137,0.02284800074994564,0.3675830066204071,0.928534984588623,0.04671800136566162
174.0500030517578,-0.46299999952316284,43.22100067138672,-0.04100000113248825,-6.519000053405762,-6.934999942779541,0.0007929999846965075,0.0008249999955296516,0.00011100000119768083,0.23399999737739563,0.0,0.4212000072002411,0.0,0.0,-9.793749809265137,0.022916000336408615,0.36764100193977356,0.9285039901733398,0.04686100035905838
174.031005859375,-0.460999995470047,43.22800064086914,-0.0689999982714653,-6.534999847412109,-6.927000045776367,-0.00076299998909235,-0.0014939999673515558,-0.0014189999783411622,0.23399999737739563,0.0,0.4212000072002411,0.0,0.0,-9.793749809265137,0.022998999804258347,0.36765000224113464,0.9284859895706177,0.04711100086569786
173.99899291992188,-0.4620000123977661,43.23099899291992,-0.08799999952316284,-6.526000022888184,-6.915999889373779,-0.006153999827802181,-0.002196999965235591,-0.0021669999696314335,0.23399999737739563,0.0,0.4212000072002411,0.0,0.0,-9.793749809265137,0.02311299927532673,0.36767399311065674,0.9284629821777344,0.04732000082731247
173.97300720214844,-0.46700000762939453,43.23500061035156,-0.0820000022649765,-6.465000152587891,-6.946000099182129,0.0055959997698664665,-0.004860000219196081,0.0007220000261440873,0.23399999737739563,0.0,0.4212000072002411,0.0,0.0,-9.793749809265137,0.023194000124931335,0.36782601475715637,0.9283940196037292,0.04743599891662598
173.96099853515625,-0.46799999475479126,43.255001068115234,-0.05400000140070915,-6.552000045776367,-6.952000141143799,-0.002345999935641885,0.0022479998879134655,0.0010629999451339245,0.23399999737739563,0.0,0.4212000072002411,0.0,0.0,-9.793749809265137,0.02323099970817566,0.3678539991378784,0.9283760190010071,0.04755000025033951
173.94200134277344,-0.46700000762939453,43.26300048828125,-0.08500000089406967,-6.559999942779541,-6.914000034332275,-0.004050999879837036,0.0011129999766126275,-0.0007159999804571271,0.23399999737739563,0.0,0.4212000072002411,0.0,0.0,-9.793749809265137,0.023360999301075935,0.3679549992084503,0.928322970867157,0.04775200039148331
173.92300415039062,-0.47099998593330383,43.277000427246094,-0.07100000232458115,-6.526000022888184,-6.915999889373779,0.00906199961900711,0.002856000093743205,-0.00046499999007210135,0.23399999737739563,0.0,0.4212000072002411,0.0,0.0,-9.793749809265137,0.023381000384688377,0.36800000071525574,0.9283040165901184,0.04775400087237358
173.91000366210938,-0.4749999940395355,43.2760009765625,-0.08299999684095383,-6.519999980926514,-6.953999996185303,0.003220000071451068,-0.0015330000314861536,-0.0008900000248104334,0.23399999737739563,0.0,0.4212000072002411,0.0,0.0,-9.793749809265137,0.02347699925303459,0.3680950105190277,0.928259015083313,0.04785599932074547
173.89999389648438,-0.4790000021457672,43.2859992980957,-0.07999999821186066,-6.486000061035156,-6.920000076293945,0.010586000047624111,-0.0006649999995715916,0.0007660000119358301,0.23399999737739563,0.0,0.4212000072002411,0.0,0.0,-9.793749809265137,0.02355399914085865,0.36817100644111633,0.9282169938087463,0.04804300144314766
173.8780059814453,-0.4790000021457672,43.30799865722656,-0.07999999821186066,-6.570000171661377,-6.892000198364258,-0.005024999845772982,0.0013889999827370048,-0.00418600020930171,0.23399999737739563,0.0,0.4212000072002411,0.0,0.0,-9.793749809265137,0.023638000711798668,0.36838701367378235,0.9281209707260132,0.048207998275756836
173.8560028076172,-0.47699999809265137,43.31800079345703,-0.041999999433755875,-6.630000114440918,-6.892000198364258,0.0159939993172884,-0.003092000028118491,0.004203000105917454,0.23399999737739563,0.0,0.4212000072002411,0.0,0.0,-9.793749809265137,0.02363000065088272,0.36827799677848816,0.9281589984893799,0.04830799996852875
173.8459930419922,-0.4749999940395355,43.297000885009766,-0.07599999755620956,-6.474999904632568,-7.005000114440918,0.0078959995880723,-0.003900999901816249,0.0018889999482780695,0.23399999737739563,0.0,0.4212000072002411,0.0,0.0,-9.793749809265137,0.023705000057816505,0.36821499466896057,0.928176999092102,0.048402998596429825
173.83399963378906,-0.4740000069141388,43.290000915527344,-0.02500000037252903,-6.603000164031982,-6.927000045776367,-0.008852999657392502,-0.0022140000946819782,-0.00419300002977252,0.23399999737739563,0.0,0.4212000072002411,0.0,0.0,-9.793749809265137,0.023750999942421913,0.36817100644111633,0.9281859993934631,0.048542000353336334
173.8159942626953,-0.48399999737739563,43.314998626708984,-0.14000000059604645,-6.460000038146973,-6.951000213623047,0.0019749999046325684,0.0009899999713525176,0.0004889999981969595,0.23399999737739563,0.0,0.4212000072002411,0.0,0.0,-9.793749809265137,0.023778000846505165,0.3683229982852936,0.9281200170516968,0.04863699898123741
173.8000030517578,-0.47200000286102295,43.310001373291016,-0.08100000023841858,-6.533999919891357,-6.934000015258789,-0.0008290000259876251,-0.0027799999807029963,-0.002509000012651086,0.23399999737739563,0.0,0.4212000072002411,0.0,0.0,-9.793749809265137,0.023802999407052994,0.3682900071144104,0.9281240105628967,0.04881399869918823
173.78500366210938,-0.46799999475479126,43.29800033569336,-0.06199999898672104,-6.574999809265137,-6.9029998779296875,-0.01194899994879961,0.0019839999731630087,-0.001981999957934022,0.23399999737739563,0.0,0.4212000072002411,0.0,0.0,-9.793749809265137,0.023749999701976776,0.36801600456237793,0.9282299876213074,0.04887999966740608
173.7899932861328,-0.4620000123977661,43.27799987792969,-0.09700000286102295,-6.625999927520752,-6.880000114440918,0.0040270001627504826,0.005541999824345112,-0.00023099999816622585,0.23399999737739563,0.0,0.4212000072002411,0.0,0.0,-9.793749809265137,0.02366499975323677,0.3675920069217682,0.9283980131149292,0.04891899973154068
173.78399658203125,-0.45399999618530273,43.2130012512207,-0.1080000028014183,-6.5329999923706055,-6.920000076293945,-0.003916999790817499,0.000742000003810972,-0.0019069999689236283,0.23399999737739563,0.0,0.4212000072002411,0.0,0.0,-9.793749809265137,0.023632999509572983,0.3671720027923584,0.9285600185394287,0.04901200160384178
173.77699279785156,-0.4480000138282776,43.15700149536133,-0.05299999937415123,-6.480000019073486,-6.989999771118164,-0.00041700000292621553,-1.4999999621068127e-05,-0.0022770001087337732,0.23399999737739563,0.0,0.4212000072002411,0.0,0.0,-9.793749809265137,0.023631000891327858,0.3669939935207367,0.9286260008811951,0.04910600185394287
173.76800537109375,-0.45100000500679016,43.150001525878906,-0.07400000095367432,-6.4679999351501465,-6.941999912261963,0.011737000197172165,0.0013249999610707164,0.0006750000175088644,0.23399999737739563,0.0,0.4212000072002411,0.0,0.0,-9.793749809265137,0.02369599975645542,0.36696699261665344,0.9286329746246338,0.04913900047540665
